timestamp,mission_id,sample_sec,mission_profile,altitude_ft,ambient_temp_c,throttle_pct,rpm,cht_c,egt_c,oil_pressure_bar,oil_temp_c,fuel_flow_lph,vibration_mm_s,battery_voltage_v,alternator_current_a,injection_timing_deg,engine_health_pct,anomaly_score,anomaly_flag,failure_stage,failure_event,failure_mode,severity,failure_probability_24h,rul_hours,maintenance_advisory
2026-09-04T14:00:00,SIM-MISSION-01,0,Endurance,24060.6,27.74,67.06,2785.8,93.43,678.68,4.597,89.2,32.08,2.32,27.46,26.31,17.83,85.77,0.489,0,PRE_FAILURE,0,Injector Failure,CRITICAL_WARNING,0.5257,1450.0,Immediate inspection recommended
2026-09-04T14:00:01,SIM-MISSION-01,1,Endurance,23951.4,25.71,67.93,2739.3,92.93,682.68,4.557,90.12,31.86,2.531,27.612,25.88,17.901,85.32,0.5073,0,PRE_FAILURE,0,Injector Failure,CRITICAL_WARNING,0.5412,1429.93,Immediate inspection recommended
2026-09-04T14:00:02,SIM-MISSION-01,2,Endurance,24100.9,27.82,70.65,2757.3,94.04,679.4,4.59,88.95,32.9,2.313,27.547,25.64,17.873,85.36,0.5058,0,PRE_FAILURE,0,Injector Failure,CRITICAL_WARNING,0.5399,1409.87,Immediate inspection recommended
2026-09-04T14:00:03,SIM-MISSION-01,3,Endurance,23984.1,27.69,68.15,2739.8,94.06,677.44,4.394,90.56,33.82,2.579,27.558,26.57,17.812,84.02,0.5591,1,PRE_FAILURE,0,Injector Failure,CRITICAL_WARNING,0.5852,1389.8,Immediate inspection recommended
2026-09-04T14:00:04,SIM-MISSION-01,4,Endurance,23964.0,26.82,66.21,2691.9,95.35,685.8,4.55,90.21,32.68,2.629,27.736,25.88,17.756,84.1,0.556,1,PRE_FAILURE,0,Injector Failure,CRITICAL_WARNING,0.5826,1369.73,Immediate inspection recommended
2026-09-04T14:00:05,SIM-MISSION-01,5,Endurance,24049.9,27.08,68.98,2742.6,95.01,688.52,4.542,91.7,33.59,2.743,27.659,25.94,17.711,82.75,0.6099,1,PRE_FAILURE,0,Injector Failure,CRITICAL_WARNING,0.6285,1349.67,Immediate inspection recommended
2026-09-04T14:00:06,SIM-MISSION-01,6,Endurance,24271.2,28.87,66.99,2700.9,95.06,688.8,4.51,91.9,34.22,2.839,27.654,26.0,17.796,82.54,0.6182,1,PRE_FAILURE,0,Injector Failure,CRITICAL_WARNING,0.6355,1329.6,Immediate inspection recommended
2026-09-04T14:00:07,SIM-MISSION-01,7,Endurance,23965.4,28.3,70.58,2690.1,95.44,688.45,4.431,91.28,33.79,2.913,27.554,26.43,17.808,82.2,0.6319,1,PRE_FAILURE,0,Injector Failure,CRITICAL_WARNING,0.6471,1309.53,Immediate inspection recommended
2026-09-04T14:00:08,SIM-MISSION-01,8,Endurance,23990.9,28.78,68.96,2710.2,96.56,688.88,4.396,91.21,34.46,2.902,27.74,25.88,17.758,81.77,0.6492,1,PRE_FAILURE,0,Injector Failure,CRITICAL_WARNING,0.6618,1289.47,Immediate inspection recommended
2026-09-04T14:00:09,SIM-MISSION-01,9,Endurance,23765.8,28.37,68.13,2690.9,96.68,699.58,4.379,90.94,34.8,2.991,27.617,25.68,17.708,81.78,0.6488,1,PRE_FAILURE,0,Injector Failure,CRITICAL_WARNING,0.6615,1269.4,Immediate inspection recommended
2026-09-04T14:00:10,SIM-MISSION-01,10,Endurance,23976.7,28.7,68.02,2659.0,97.08,695.51,4.271,90.68,35.07,3.09,27.534,25.92,17.723,81.38,0.6648,1,PRE_FAILURE,0,Injector Failure,CRITICAL_WARNING,0.6751,1249.33,Immediate inspection recommended
2026-09-04T14:00:11,SIM-MISSION-01,11,Endurance,23916.4,28.58,68.71,2687.2,98.34,693.31,4.361,92.57,35.91,3.117,27.633,26.56,17.725,79.95,0.7219,1,PRE_FAILURE,0,Injector Failure,CRITICAL_WARNING,0.7236,1229.27,Immediate inspection recommended
2026-09-04T14:00:12,SIM-MISSION-01,12,Endurance,23942.6,28.39,66.01,2636.0,96.61,698.18,4.303,91.85,36.22,3.195,27.589,26.29,17.828,79.62,0.7354,1,PRE_FAILURE,0,Injector Failure,CRITICAL_WARNING,0.735,1209.2,Immediate inspection recommended
2026-09-04T14:00:13,SIM-MISSION-01,13,Endurance,23753.7,30.06,69.62,2655.5,98.52,703.82,4.157,91.13,36.45,3.329,27.691,26.08,17.763,79.48,0.7407,1,PRE_FAILURE,0,Injector Failure,CRITICAL_WARNING,0.7396,1189.13,Immediate inspection recommended
2026-09-04T14:00:14,SIM-MISSION-01,14,Endurance,23946.8,27.83,68.45,2603.3,98.34,709.02,4.254,91.09,36.87,3.313,27.493,25.89,17.839,78.68,0.7729,1,PRE_FAILURE,0,Injector Failure,CRITICAL_WARNING,0.767,1169.07,Immediate inspection recommended
2026-09-04T14:00:15,SIM-MISSION-01,15,Endurance,23973.7,27.77,68.27,2610.8,97.87,709.54,4.204,92.78,36.63,3.461,27.603,25.94,17.83,37.6,0.816,1,FAILURE,1,Injector Failure,ENGINE_FAILURE,0.8036,20.0,Emergency shutdown / maintenance inspection
2026-09-04T14:00:16,SIM-MISSION-01,16,Endurance,24137.4,27.65,68.59,2604.7,98.43,711.81,4.154,92.6,37.4,3.577,27.558,26.29,17.805,37.19,0.8326,1,FAILURE,1,Injector Failure,ENGINE_FAILURE,0.8177,18.5,Emergency shutdown / maintenance inspection
2026-09-04T14:00:17,SIM-MISSION-01,17,Endurance,23980.0,27.77,67.84,2607.0,98.92,710.45,4.061,93.7,37.47,3.725,27.506,26.39,17.771,37.42,0.8233,1,FAILURE,1,Injector Failure,ENGINE_FAILURE,0.8098,17.0,Emergency shutdown / maintenance inspection
2026-09-04T14:00:18,SIM-MISSION-01,18,Endurance,24175.2,28.06,65.35,2605.8,99.33,713.14,4.21,92.66,37.43,3.744,27.65,26.37,17.841,36.44,0.8624,1,FAILURE,1,Injector Failure,ENGINE_FAILURE,0.843,15.5,Emergency shutdown / maintenance inspection
2026-09-04T14:00:19,SIM-MISSION-01,19,Endurance,23723.4,28.9,67.15,2591.1,99.52,712.79,4.166,93.16,38.59,3.865,27.542,26.18,17.847,36.1,0.876,1,FAILURE,1,Injector Failure,ENGINE_FAILURE,0.8546,14.0,Emergency shutdown / maintenance inspection
2026-09-04T14:00:20,SIM-MISSION-01,20,Endurance,24153.9,27.05,68.74,2581.6,97.86,709.63,4.091,93.88,38.38,3.942,27.512,25.6,17.844,35.45,0.902,1,FAILURE,1,Injector Failure,ENGINE_FAILURE,0.8767,12.5,Emergency shutdown / maintenance inspection
2026-09-04T14:00:21,SIM-MISSION-01,21,Endurance,23991.5,29.39,69.4,2576.9,100.67,725.97,4.082,94.71,38.52,4.01,27.586,25.52,17.813,35.02,0.919,1,FAILURE,1,Injector Failure,ENGINE_FAILURE,0.8912,11.0,Emergency shutdown / maintenance inspection
2026-09-04T14:00:22,SIM-MISSION-01,22,Endurance,24076.6,28.22,66.86,2552.2,98.94,717.91,3.986,94.65,39.16,3.993,27.551,26.86,17.769,34.59,0.9362,1,FAILURE,1,Injector Failure,ENGINE_FAILURE,0.9058,9.5,Emergency shutdown / maintenance inspection
2026-09-04T14:00:23,SIM-MISSION-01,23,Endurance,24038.7,26.56,66.97,2550.9,99.5,724.82,4.031,92.74,39.78,4.204,27.581,25.92,17.812,34.34,0.9462,1,FAILURE,1,Injector Failure,ENGINE_FAILURE,0.9143,8.0,Emergency shutdown / maintenance inspection
2026-09-04T14:00:24,SIM-MISSION-01,24,Endurance,24199.1,27.26,68.63,2568.7,99.56,723.95,4.003,95.32,39.31,4.108,27.548,25.66,17.771,33.61,0.9756,1,FAILURE,1,Injector Failure,ENGINE_FAILURE,0.9392,6.5,Emergency shutdown / maintenance inspection
2026-09-04T14:00:25,SIM-MISSION-01,25,Endurance,23941.7,28.23,68.94,2955.5,92.59,659.19,4.663,87.94,29.03,1.366,27.606,25.94,17.761,95.12,0.1151,0,NORMAL,0,Normal,NORMAL,0.1078,1448.33,No action
2026-09-04T14:00:26,SIM-MISSION-01,26,Endurance,23824.7,29.17,67.97,2891.5,90.37,660.32,4.831,87.61,28.23,1.597,27.472,26.04,17.889,95.95,0.0822,0,NORMAL,0,Normal,NORMAL,0.0798,1448.27,No action
2026-09-04T14:00:27,SIM-MISSION-01,27,Endurance,24019.1,28.79,68.61,2906.1,91.43,663.71,4.797,87.78,28.67,1.303,27.479,25.98,17.791,95.55,0.0981,0,NORMAL,0,Normal,NORMAL,0.0934,1448.2,No action
2026-09-04T14:00:28,SIM-MISSION-01,28,Endurance,24016.7,26.38,65.85,2890.6,90.77,653.57,4.858,88.03,29.17,1.673,27.686,25.98,17.839,95.34,0.1065,0,NORMAL,0,Normal,NORMAL,0.1005,1448.13,No action
2026-09-04T14:00:29,SIM-MISSION-01,29,Endurance,24058.6,25.24,67.44,2936.8,90.44,662.73,4.775,88.7,29.46,1.484,27.478,25.96,17.842,95.73,0.0908,0,NORMAL,0,Normal,NORMAL,0.0872,1448.07,No action
2026-09-04T14:00:30,SIM-MISSION-01,30,Endurance,23986.9,28.52,66.92,2898.5,89.89,661.18,4.756,87.22,28.88,1.433,27.599,25.8,17.781,95.16,0.1137,0,NORMAL,0,Normal,NORMAL,0.1066,1448.0,No action
2026-09-04T14:00:31,SIM-MISSION-01,31,Endurance,24094.2,28.44,68.8,2923.2,90.36,662.28,4.821,88.22,28.86,1.516,27.663,26.65,17.758,95.64,0.0945,0,NORMAL,0,Normal,NORMAL,0.0903,1447.93,No action
2026-09-04T14:00:32,SIM-MISSION-01,32,Endurance,24000.6,27.65,67.53,2936.5,88.76,657.6,4.741,87.92,28.75,1.499,27.655,26.57,17.659,95.38,0.1047,0,NORMAL,0,Normal,NORMAL,0.099,1447.87,No action
2026-09-04T14:00:33,SIM-MISSION-01,33,Endurance,23858.5,28.82,67.07,2889.9,90.25,662.9,4.865,88.07,28.71,1.558,27.581,26.16,17.806,95.43,0.1029,0,NORMAL,0,Normal,NORMAL,0.0974,1447.8,No action
2026-09-04T14:00:34,SIM-MISSION-01,34,Endurance,23961.2,28.15,67.15,2942.2,90.06,661.68,4.741,88.75,29.32,1.532,27.68,25.87,17.768,95.55,0.0979,0,NORMAL,0,Normal,NORMAL,0.0932,1447.73,No action
2026-09-04T14:00:35,SIM-MISSION-01,35,Endurance,24057.4,27.69,70.29,2907.9,91.61,664.08,4.77,87.0,29.25,1.641,27.587,25.61,17.813,96.2,0.0719,0,NORMAL,0,Normal,NORMAL,0.0711,1447.67,No action
2026-09-04T14:00:36,SIM-MISSION-01,36,Endurance,23874.6,26.7,70.4,2904.6,91.4,654.8,4.818,88.92,29.06,1.48,27.458,25.62,17.708,95.59,0.0963,0,NORMAL,0,Normal,NORMAL,0.0918,1447.6,No action
2026-09-04T14:00:37,SIM-MISSION-01,37,Endurance,24063.6,28.26,68.38,2901.9,90.73,654.87,4.901,87.48,28.73,1.575,27.716,26.4,17.776,95.44,0.1022,0,NORMAL,0,Normal,NORMAL,0.0969,1447.53,No action
2026-09-04T14:00:38,SIM-MISSION-01,38,Endurance,23775.9,28.34,69.42,2905.9,89.99,660.7,4.729,88.95,29.01,1.468,27.574,25.85,17.793,96.04,0.0783,0,NORMAL,0,Normal,NORMAL,0.0766,1447.47,No action
2026-09-04T14:00:39,SIM-MISSION-01,39,Endurance,23865.4,28.29,68.85,2922.7,91.13,661.78,4.789,88.56,28.69,1.555,27.534,25.66,17.831,96.23,0.0709,0,NORMAL,0,Normal,NORMAL,0.0702,1447.4,No action
2026-09-04T14:00:40,SIM-MISSION-01,40,Endurance,24009.5,29.3,67.5,2949.0,90.47,659.26,4.715,89.76,29.17,1.622,27.653,26.28,17.83,95.22,0.1112,0,NORMAL,0,Normal,NORMAL,0.1045,1447.33,No action
2026-09-04T14:00:41,SIM-MISSION-01,41,Endurance,23933.4,29.17,69.9,2914.3,90.57,662.64,4.877,88.1,28.75,1.54,27.56,26.57,17.845,95.39,0.1045,0,NORMAL,0,Normal,NORMAL,0.0988,1447.27,No action
2026-09-04T14:00:42,SIM-MISSION-01,42,Endurance,24002.8,26.86,70.86,2963.4,91.47,659.9,4.865,87.74,29.27,1.493,27.522,26.17,17.817,95.61,0.0958,0,NORMAL,0,Normal,NORMAL,0.0914,1447.2,No action
2026-09-04T14:00:43,SIM-MISSION-01,43,Endurance,23886.8,28.62,67.66,2894.3,89.58,661.85,4.729,88.79,29.5,1.527,27.733,26.07,17.856,95.14,0.1144,0,NORMAL,0,Normal,NORMAL,0.1072,1447.13,No action
2026-09-04T14:00:44,SIM-MISSION-01,44,Endurance,23841.1,29.44,66.87,2923.7,90.9,662.53,4.81,87.95,29.25,1.614,27.489,26.17,17.834,95.36,0.1058,0,NORMAL,0,Normal,NORMAL,0.0999,1447.07,No action
2026-09-04T14:00:45,SIM-MISSION-01,45,Endurance,23876.9,27.12,68.34,2929.4,90.94,664.79,4.791,88.42,28.63,1.504,27.489,25.94,17.852,95.17,0.1133,0,NORMAL,0,Normal,NORMAL,0.1063,1447.0,No action
2026-09-04T14:00:46,SIM-MISSION-01,46,Endurance,24084.8,27.39,70.42,2926.0,91.46,661.43,4.799,88.44,28.95,1.548,27.704,25.82,17.809,95.46,0.1015,0,NORMAL,0,Normal,NORMAL,0.0963,1446.93,No action
2026-09-04T14:00:47,SIM-MISSION-01,47,Endurance,23867.7,28.21,66.96,2975.6,89.2,655.46,4.737,89.13,29.12,1.529,27.497,26.11,17.806,96.06,0.0776,0,NORMAL,0,Normal,NORMAL,0.076,1446.87,No action
2026-09-04T14:00:48,SIM-MISSION-01,48,Endurance,23923.6,25.0,69.49,2943.8,91.06,659.39,4.694,88.03,28.64,1.553,27.637,25.8,17.749,95.37,0.1053,0,NORMAL,0,Normal,NORMAL,0.0995,1446.8,No action
2026-09-04T14:00:49,SIM-MISSION-01,49,Endurance,24045.1,27.5,68.4,2937.6,91.5,664.49,4.759,87.55,28.84,1.617,27.506,25.97,17.754,96.08,0.0767,0,NORMAL,0,Normal,NORMAL,0.0752,1446.73,No action
2026-09-04T14:00:50,SIM-MISSION-01,50,Endurance,24147.0,30.16,67.11,2935.1,91.42,664.58,4.698,88.7,29.2,1.526,27.712,26.06,17.865,95.83,0.087,0,NORMAL,0,Normal,NORMAL,0.0839,1446.67,No action
2026-09-04T14:00:51,SIM-MISSION-01,51,Endurance,23950.9,29.33,69.31,2953.3,91.71,658.1,4.72,87.84,29.53,1.401,27.56,25.43,17.805,95.97,0.0814,0,NORMAL,0,Normal,NORMAL,0.0792,1446.6,No action
2026-09-04T14:00:52,SIM-MISSION-01,52,Endurance,24032.1,26.35,69.17,2939.7,90.01,654.73,4.679,88.54,28.74,1.634,27.669,25.8,17.774,95.44,0.1022,0,NORMAL,0,Normal,NORMAL,0.0969,1446.53,No action
2026-09-04T14:00:53,SIM-MISSION-01,53,Endurance,23879.5,29.48,67.61,2960.3,90.3,650.92,4.763,88.3,29.73,1.52,27.494,26.64,17.808,95.9,0.0839,0,NORMAL,0,Normal,NORMAL,0.0813,1446.47,No action
2026-09-04T14:00:54,SIM-MISSION-01,54,Endurance,23889.6,26.71,70.41,2937.8,90.57,657.96,4.894,87.59,29.22,1.571,27.619,25.74,17.833,95.52,0.0992,0,NORMAL,0,Normal,NORMAL,0.0943,1446.4,No action
2026-09-04T14:00:55,SIM-MISSION-01,55,Endurance,24139.9,27.57,68.08,2947.8,90.78,659.58,4.801,86.97,29.27,1.569,27.594,26.07,17.846,95.82,0.0872,0,NORMAL,0,Normal,NORMAL,0.0842,1446.33,No action
2026-09-04T14:00:56,SIM-MISSION-01,56,Endurance,24077.6,28.02,67.51,2930.2,89.75,660.03,4.737,87.64,29.16,1.553,27.681,26.09,17.78,95.69,0.0924,0,NORMAL,0,Normal,NORMAL,0.0885,1446.27,No action
2026-09-04T14:00:57,SIM-MISSION-01,57,Endurance,23984.7,27.86,67.66,2937.2,91.68,660.39,4.772,86.94,29.15,1.569,27.604,25.87,17.758,95.41,0.1035,0,NORMAL,0,Normal,NORMAL,0.098,1446.2,No action
2026-09-04T14:00:58,SIM-MISSION-01,58,Endurance,23953.1,27.66,69.13,2936.7,91.27,660.93,4.755,88.53,29.28,1.615,27.59,25.94,17.742,96.3,0.068,0,NORMAL,0,Normal,NORMAL,0.0678,1446.13,No action
2026-09-04T14:00:59,SIM-MISSION-01,59,Endurance,24004.0,29.62,69.5,2963.8,91.0,656.14,4.714,87.49,29.04,1.554,27.584,25.79,17.789,95.91,0.0835,0,NORMAL,0,Normal,NORMAL,0.081,1446.07,No action
2026-09-04T14:01:00,SIM-MISSION-01,60,Endurance,24180.9,27.51,67.18,2958.3,90.64,662.64,4.755,88.0,29.54,1.702,27.463,26.21,17.897,95.4,0.1039,0,NORMAL,0,Normal,NORMAL,0.0983,1446.0,No action
2026-09-04T14:01:01,SIM-MISSION-01,61,Endurance,23827.3,26.83,68.3,2956.7,90.95,652.3,4.821,87.87,29.32,1.717,27.655,25.89,17.823,95.12,0.1153,0,NORMAL,0,Normal,NORMAL,0.108,1445.93,No action
2026-09-04T14:01:02,SIM-MISSION-01,62,Endurance,23929.9,29.2,68.48,2907.2,91.49,659.92,4.762,87.49,28.8,1.476,27.574,25.85,17.869,95.81,0.0877,0,NORMAL,0,Normal,NORMAL,0.0846,1445.87,No action
2026-09-04T14:01:03,SIM-MISSION-01,63,Endurance,23983.0,27.47,66.86,2957.6,91.24,662.88,4.895,87.15,28.74,1.411,27.64,25.89,17.766,95.24,0.1104,0,NORMAL,0,Normal,NORMAL,0.1038,1445.8,No action
2026-09-04T14:01:04,SIM-MISSION-01,64,Endurance,23821.2,28.28,68.82,2974.0,90.16,654.94,4.956,87.74,28.81,1.492,27.589,26.23,17.838,95.6,0.0958,0,NORMAL,0,Normal,NORMAL,0.0914,1445.73,No action
2026-09-04T14:01:05,SIM-MISSION-01,65,Endurance,24158.6,27.7,69.15,2979.6,91.86,659.33,4.848,87.73,28.98,1.451,27.575,26.04,17.792,94.79,0.1283,0,NORMAL,0,Normal,NORMAL,0.119,1445.67,No action
2026-09-04T14:01:06,SIM-MISSION-01,66,Endurance,23891.0,27.09,70.59,2934.8,90.48,656.09,4.802,88.29,29.06,1.565,27.613,25.96,17.763,95.11,0.1157,0,NORMAL,0,Normal,NORMAL,0.1084,1445.6,No action
2026-09-04T14:01:07,SIM-MISSION-01,67,Endurance,24216.2,27.46,65.38,2937.9,91.03,665.04,4.861,88.75,29.38,1.639,27.659,26.14,17.794,95.55,0.0981,0,NORMAL,0,Normal,NORMAL,0.0934,1445.53,No action
2026-09-04T14:01:08,SIM-MISSION-01,68,Endurance,24135.1,28.17,69.17,2937.3,91.81,660.32,4.771,89.09,29.22,1.611,27.555,26.15,17.819,95.07,0.1172,0,NORMAL,0,Normal,NORMAL,0.1097,1445.47,No action
2026-09-04T14:01:09,SIM-MISSION-01,69,Endurance,24128.1,29.06,66.58,2963.7,90.08,662.57,4.841,87.73,28.73,1.545,27.503,26.1,17.815,95.48,0.1007,0,NORMAL,0,Normal,NORMAL,0.0956,1445.4,No action
2026-09-04T14:01:10,SIM-MISSION-01,70,Endurance,24149.9,29.69,67.7,2970.2,90.88,658.65,4.777,88.41,29.82,1.662,27.727,26.4,17.719,95.66,0.0935,0,NORMAL,0,Normal,NORMAL,0.0895,1445.33,No action
2026-09-04T14:01:11,SIM-MISSION-01,71,Endurance,23919.7,27.18,69.13,2936.7,91.03,662.23,4.771,87.56,28.76,1.621,27.527,26.34,17.804,94.92,0.1232,0,NORMAL,0,Normal,NORMAL,0.1147,1445.27,No action
2026-09-04T14:01:12,SIM-MISSION-01,72,Endurance,23870.1,26.53,69.96,2958.5,90.17,657.08,4.793,88.11,28.56,1.519,27.647,26.4,17.702,95.17,0.1132,0,NORMAL,0,Normal,NORMAL,0.1062,1445.2,No action
2026-09-04T14:01:13,SIM-MISSION-01,73,Endurance,24283.6,28.64,68.36,2958.2,90.67,660.54,4.851,87.74,29.06,1.588,27.671,26.53,17.885,95.59,0.0965,0,NORMAL,0,Normal,NORMAL,0.092,1445.13,No action
2026-09-04T14:01:14,SIM-MISSION-01,74,Endurance,23850.5,27.17,67.88,2958.2,90.12,663.1,4.754,87.68,28.54,1.509,27.605,25.55,17.755,95.97,0.0812,0,NORMAL,0,Normal,NORMAL,0.079,1445.07,No action
2026-09-04T14:01:15,SIM-MISSION-01,75,Endurance,24122.6,26.9,67.64,2921.5,91.49,656.05,4.846,88.64,28.58,1.553,27.562,25.66,17.783,95.23,0.1106,0,NORMAL,0,Normal,NORMAL,0.104,1445.0,No action
2026-09-04T14:01:16,SIM-MISSION-01,76,Endurance,23717.8,28.68,69.75,2941.2,91.42,664.7,4.654,88.89,28.94,1.672,27.566,25.75,17.802,95.49,0.1005,0,NORMAL,0,Normal,NORMAL,0.0954,1444.93,No action
2026-09-04T14:01:17,SIM-MISSION-01,77,Endurance,24113.8,28.13,67.73,2916.9,90.22,655.36,4.69,87.12,28.65,1.501,27.596,25.9,17.726,95.14,0.1146,0,NORMAL,0,Normal,NORMAL,0.1074,1444.87,No action
2026-09-04T14:01:18,SIM-MISSION-01,78,Endurance,24087.6,28.06,67.67,2961.1,91.71,665.45,4.902,87.78,28.9,1.668,27.725,26.46,17.683,96.72,0.0512,0,NORMAL,0,Normal,NORMAL,0.0535,1444.8,No action
2026-09-04T14:01:19,SIM-MISSION-01,79,Endurance,23982.7,28.73,69.07,2949.3,90.89,665.21,4.782,88.72,29.19,1.579,27.637,26.03,17.745,95.23,0.1107,0,NORMAL,0,Normal,NORMAL,0.1041,1444.73,No action
2026-09-04T14:01:20,SIM-MISSION-01,80,Endurance,23939.6,28.25,68.48,2965.8,89.97,659.43,4.773,87.37,29.11,1.483,27.565,26.07,17.817,94.66,0.1335,0,NORMAL,0,Normal,NORMAL,0.1235,1444.67,No action
2026-09-04T14:01:21,SIM-MISSION-01,81,Endurance,24055.7,27.2,70.08,2923.3,91.39,664.61,4.873,87.55,28.9,1.651,27.593,26.29,17.751,95.11,0.1154,0,NORMAL,0,Normal,NORMAL,0.1081,1444.6,No action
2026-09-04T14:01:22,SIM-MISSION-01,82,Endurance,24066.4,28.1,66.97,2943.7,91.12,661.05,4.794,87.85,29.07,1.662,27.439,25.59,17.723,96.15,0.0739,0,NORMAL,0,Normal,NORMAL,0.0728,1444.53,No action
2026-09-04T14:01:23,SIM-MISSION-01,83,Endurance,24094.8,26.51,67.11,2941.2,90.45,660.63,4.811,88.23,28.74,1.602,27.483,26.37,17.646,95.95,0.082,0,NORMAL,0,Normal,NORMAL,0.0797,1444.47,No action
2026-09-04T14:01:24,SIM-MISSION-01,84,Endurance,24091.3,26.79,68.35,2982.1,89.76,668.11,4.827,88.02,29.15,1.725,27.671,25.33,17.86,96.11,0.0757,0,NORMAL,0,Normal,NORMAL,0.0744,1444.4,No action
2026-09-04T14:01:25,SIM-MISSION-01,85,Endurance,23907.7,28.03,66.37,2948.6,91.19,657.41,4.839,87.28,29.07,1.506,27.585,26.58,17.806,95.54,0.0982,0,NORMAL,0,Normal,NORMAL,0.0935,1444.33,No action
2026-09-04T14:01:26,SIM-MISSION-01,86,Endurance,24008.7,26.51,69.62,2947.5,91.07,660.34,4.767,88.31,29.37,1.5,27.595,26.02,17.863,95.77,0.089,0,NORMAL,0,Normal,NORMAL,0.0857,1444.27,No action
2026-09-04T14:01:27,SIM-MISSION-01,87,Endurance,24101.2,27.54,69.07,2924.2,91.01,662.52,4.857,87.78,28.53,1.582,27.586,26.13,17.808,95.25,0.1098,0,NORMAL,0,Normal,NORMAL,0.1033,1444.2,No action
2026-09-04T14:01:28,SIM-MISSION-01,88,Endurance,23916.0,29.53,68.52,2962.6,90.6,660.34,4.912,88.25,28.59,1.669,27.68,26.34,17.81,95.59,0.0965,0,NORMAL,0,Normal,NORMAL,0.092,1444.13,No action
2026-09-04T14:01:29,SIM-MISSION-01,89,Endurance,23917.7,27.61,69.36,2934.5,90.62,658.23,4.912,88.61,28.87,1.546,27.641,26.26,17.719,95.58,0.0967,0,NORMAL,0,Normal,NORMAL,0.0922,1444.07,No action
2026-09-04T14:01:30,SIM-MISSION-01,90,Endurance,24072.1,26.31,65.36,2956.8,92.41,660.59,4.833,87.43,29.17,1.616,27.481,25.85,17.84,95.64,0.0944,0,NORMAL,0,Normal,NORMAL,0.0902,1444.0,No action
2026-09-04T14:01:31,SIM-MISSION-01,91,Endurance,23879.4,27.65,65.39,2932.0,91.04,663.56,4.723,88.78,29.11,1.646,27.693,26.1,17.824,96.01,0.0797,0,NORMAL,0,Normal,NORMAL,0.0778,1443.93,No action
2026-09-04T14:01:32,SIM-MISSION-01,92,Endurance,23951.4,26.86,65.22,2957.7,89.57,658.72,4.721,86.91,29.52,1.558,27.731,26.36,17.754,94.72,0.1311,0,NORMAL,0,Normal,NORMAL,0.1214,1443.87,No action
2026-09-04T14:01:33,SIM-MISSION-01,93,Endurance,23970.0,27.9,68.47,2951.8,91.11,657.31,4.779,88.11,29.03,1.61,27.572,25.9,17.83,95.09,0.1164,0,NORMAL,0,Normal,NORMAL,0.109,1443.8,No action
2026-09-04T14:01:34,SIM-MISSION-01,94,Endurance,23810.8,27.3,70.11,2913.8,92.2,654.42,4.812,87.38,29.12,1.61,27.469,25.94,17.712,95.67,0.0934,0,NORMAL,0,Normal,NORMAL,0.0893,1443.73,No action
2026-09-04T14:01:35,SIM-MISSION-01,95,Endurance,24054.0,28.58,69.81,2962.0,92.19,665.08,4.753,87.89,29.57,1.491,27.573,25.71,17.742,95.26,0.1095,0,NORMAL,0,Normal,NORMAL,0.103,1443.67,No action
2026-09-04T14:01:36,SIM-MISSION-01,96,Endurance,23912.3,27.2,69.25,2955.0,92.21,659.97,4.78,87.28,29.38,1.509,27.48,25.92,17.801,95.12,0.1151,0,NORMAL,0,Normal,NORMAL,0.1078,1443.6,No action
2026-09-04T14:01:37,SIM-MISSION-01,97,Endurance,23880.4,28.21,68.95,2926.8,90.03,659.56,4.828,88.03,28.44,1.455,27.703,25.7,17.837,95.62,0.0952,0,NORMAL,0,Normal,NORMAL,0.0909,1443.53,No action
2026-09-04T14:01:38,SIM-MISSION-01,98,Endurance,23927.4,25.94,67.49,2914.4,90.86,660.42,4.757,87.84,28.89,1.451,27.585,25.81,17.709,95.61,0.0958,0,NORMAL,0,Normal,NORMAL,0.0914,1443.47,No action
2026-09-04T14:01:39,SIM-MISSION-01,99,Endurance,23935.6,28.7,65.67,2946.4,91.55,662.6,4.819,87.12,29.04,1.476,27.775,25.84,17.833,95.94,0.0823,0,NORMAL,0,Normal,NORMAL,0.08,1443.4,No action
2026-09-04T14:01:40,SIM-MISSION-01,100,Endurance,24120.0,27.14,71.87,2940.5,91.23,652.58,4.868,87.35,29.57,1.699,27.666,26.3,17.737,95.42,0.1033,0,NORMAL,0,Normal,NORMAL,0.0978,1443.33,No action
2026-09-04T14:01:41,SIM-MISSION-01,101,Endurance,23764.6,27.12,67.13,2926.9,90.05,659.04,4.801,88.18,29.49,1.588,27.619,26.01,17.901,95.05,0.1178,0,NORMAL,0,Normal,NORMAL,0.1101,1443.27,No action
2026-09-04T14:01:42,SIM-MISSION-01,102,Endurance,23678.0,26.47,65.88,2935.0,90.87,672.03,4.955,86.94,28.63,1.539,27.739,26.34,17.816,95.82,0.0873,0,NORMAL,0,Normal,NORMAL,0.0842,1443.2,No action
2026-09-04T14:01:43,SIM-MISSION-01,103,Endurance,24011.5,27.46,67.2,2933.9,91.63,654.8,4.807,89.14,29.06,1.526,27.649,26.16,17.804,95.66,0.0937,0,NORMAL,0,Normal,NORMAL,0.0897,1443.13,No action
2026-09-04T14:01:44,SIM-MISSION-01,104,Endurance,24026.4,28.42,67.08,2950.6,91.72,664.37,4.922,89.11,29.5,1.58,27.585,26.69,17.767,95.82,0.087,0,NORMAL,0,Normal,NORMAL,0.084,1443.07,No action
2026-09-04T14:01:45,SIM-MISSION-01,105,Endurance,23980.6,26.2,65.88,2943.0,90.82,653.08,4.819,88.68,29.01,1.54,27.645,26.43,17.797,95.71,0.0916,0,NORMAL,0,Normal,NORMAL,0.0879,1443.0,No action
2026-09-04T14:01:46,SIM-MISSION-01,106,Endurance,24083.1,28.61,68.0,2936.2,90.39,662.04,4.812,87.78,29.57,1.505,27.546,26.09,17.842,95.87,0.0853,0,NORMAL,0,Normal,NORMAL,0.0825,1442.93,No action
2026-09-04T14:01:47,SIM-MISSION-01,107,Endurance,24069.6,27.14,70.01,2960.7,90.82,660.86,4.766,86.96,29.03,1.618,27.519,25.8,17.741,95.74,0.0905,0,NORMAL,0,Normal,NORMAL,0.0869,1442.87,No action
2026-09-04T14:01:48,SIM-MISSION-01,108,Endurance,24142.3,26.74,65.09,2919.1,90.5,650.61,4.805,88.37,28.27,1.536,27.565,25.68,17.787,95.41,0.1038,0,NORMAL,0,Normal,NORMAL,0.0982,1442.8,No action
2026-09-04T14:01:49,SIM-MISSION-01,109,Endurance,23913.3,26.7,67.39,2914.6,92.14,660.49,4.769,87.36,29.06,1.539,27.651,25.54,17.854,95.26,0.1096,0,NORMAL,0,Normal,NORMAL,0.1032,1442.73,No action
2026-09-04T14:01:50,SIM-MISSION-01,110,Endurance,23909.8,28.21,67.52,2902.9,90.24,658.5,4.839,88.76,29.07,1.507,27.564,26.18,17.857,95.55,0.0981,0,NORMAL,0,Normal,NORMAL,0.0934,1442.67,No action
2026-09-04T14:01:51,SIM-MISSION-01,111,Endurance,24182.9,28.65,68.17,2931.6,88.68,661.02,4.767,86.37,29.11,1.543,27.63,25.59,17.907,95.63,0.0949,0,NORMAL,0,Normal,NORMAL,0.0906,1442.6,No action
2026-09-04T14:01:52,SIM-MISSION-01,112,Endurance,23807.3,26.81,67.94,2927.4,91.93,651.71,4.9,87.76,29.1,1.624,27.543,26.1,17.838,95.31,0.1074,0,NORMAL,0,Normal,NORMAL,0.1013,1442.53,No action
2026-09-04T14:01:53,SIM-MISSION-01,113,Endurance,23760.1,26.45,67.96,2885.9,91.3,674.97,4.816,87.9,28.98,1.629,27.657,25.66,17.851,95.19,0.1123,0,NORMAL,0,Normal,NORMAL,0.1054,1442.47,No action
2026-09-04T14:01:54,SIM-MISSION-01,114,Endurance,24073.5,28.39,72.39,2919.1,89.56,661.56,4.82,88.1,29.12,1.571,27.636,25.88,17.799,95.07,0.1171,0,NORMAL,0,Normal,NORMAL,0.1095,1442.4,No action
2026-09-04T14:01:55,SIM-MISSION-01,115,Endurance,23885.9,27.81,66.53,2890.8,91.18,659.01,4.857,87.36,28.17,1.505,27.656,26.74,17.851,95.58,0.0967,0,NORMAL,0,Normal,NORMAL,0.0922,1442.33,No action
2026-09-04T14:01:56,SIM-MISSION-01,116,Endurance,23907.1,27.18,65.54,2885.5,89.68,661.78,4.812,87.88,29.12,1.713,27.609,25.89,17.843,95.22,0.1113,0,NORMAL,0,Normal,NORMAL,0.1046,1442.27,No action
2026-09-04T14:01:57,SIM-MISSION-01,117,Endurance,23912.2,29.49,66.91,2903.7,92.34,657.02,4.857,88.26,28.51,1.623,27.534,25.56,17.76,95.28,0.1089,0,NORMAL,0,Normal,NORMAL,0.1025,1442.2,No action
2026-09-04T14:01:58,SIM-MISSION-01,118,Endurance,23961.0,26.22,67.68,2904.1,90.43,656.66,4.814,86.58,28.24,1.479,27.65,26.05,17.801,96.32,0.0673,0,NORMAL,0,Normal,NORMAL,0.0672,1442.13,No action
2026-09-04T14:01:59,SIM-MISSION-01,119,Endurance,23974.3,28.61,70.17,2914.4,90.99,659.64,4.824,88.23,29.08,1.578,27.553,25.6,17.817,95.12,0.1152,0,NORMAL,0,Normal,NORMAL,0.1079,1442.07,No action
2026-09-04T14:02:00,SIM-MISSION-01,120,Endurance,24121.6,27.45,68.84,2886.9,91.31,657.57,4.808,89.4,29.27,1.67,27.538,25.79,17.798,95.58,0.0969,0,NORMAL,0,Normal,NORMAL,0.0923,1442.0,No action
2026-09-04T14:02:01,SIM-MISSION-01,121,Endurance,23984.8,29.02,65.18,2920.9,91.77,655.54,4.835,87.84,29.36,1.507,27.625,26.16,17.662,95.45,0.1019,0,NORMAL,0,Normal,NORMAL,0.0966,1441.93,No action
2026-09-04T14:02:02,SIM-MISSION-01,122,Endurance,23896.3,26.85,71.22,2896.3,89.98,661.31,4.755,87.84,28.82,1.578,27.486,25.66,17.689,95.87,0.085,0,NORMAL,0,Normal,NORMAL,0.0823,1441.87,No action
2026-09-04T14:02:03,SIM-MISSION-01,123,Endurance,24030.9,29.29,64.96,2876.8,90.65,662.46,4.811,88.23,28.79,1.544,27.697,25.99,17.815,95.31,0.1077,0,NORMAL,0,Normal,NORMAL,0.1016,1441.8,No action
2026-09-04T14:02:04,SIM-MISSION-01,124,Endurance,23911.7,25.99,67.39,2832.6,91.02,659.49,4.805,87.55,29.07,1.605,27.602,25.91,17.789,95.49,0.1003,0,NORMAL,0,Normal,NORMAL,0.0953,1441.73,No action
2026-09-04T14:02:05,SIM-MISSION-01,125,Endurance,24009.2,26.91,69.96,2912.3,89.58,659.44,4.72,87.78,28.65,1.544,27.53,25.6,17.814,95.38,0.1047,0,NORMAL,0,Normal,NORMAL,0.099,1441.67,No action
2026-09-04T14:02:06,SIM-MISSION-01,126,Endurance,23906.7,27.93,68.46,2881.1,91.33,657.25,4.852,87.95,29.11,1.507,27.558,26.05,17.817,95.9,0.0841,0,NORMAL,0,Normal,NORMAL,0.0815,1441.6,No action
2026-09-04T14:02:07,SIM-MISSION-01,127,Endurance,23931.4,27.71,69.02,2843.4,91.8,661.08,4.8,87.47,29.27,1.524,27.748,26.1,17.723,95.72,0.0913,0,NORMAL,0,Normal,NORMAL,0.0876,1441.53,No action
2026-09-04T14:02:08,SIM-MISSION-01,128,Endurance,23965.7,27.54,65.9,2875.6,91.16,662.84,4.824,87.46,28.51,1.481,27.624,26.24,17.887,95.49,0.1003,0,NORMAL,0,Normal,NORMAL,0.0953,1441.47,No action
2026-09-04T14:02:09,SIM-MISSION-01,129,Endurance,23894.6,28.02,66.66,2878.8,90.76,658.7,4.758,88.24,29.35,1.676,27.553,25.67,17.784,95.14,0.1146,0,NORMAL,0,Normal,NORMAL,0.1074,1441.4,No action
2026-09-04T14:02:10,SIM-MISSION-01,130,Endurance,23799.6,28.47,68.56,2846.9,90.67,660.53,4.888,87.47,29.11,1.379,27.499,25.74,17.772,95.29,0.1086,0,NORMAL,0,Normal,NORMAL,0.1023,1441.33,No action
2026-09-04T14:02:11,SIM-MISSION-01,131,Endurance,24073.9,27.18,69.03,2849.3,92.42,661.0,4.805,87.83,28.97,1.545,27.54,26.2,17.81,95.55,0.0981,0,NORMAL,0,Normal,NORMAL,0.0934,1441.27,No action
2026-09-04T14:02:12,SIM-MISSION-01,132,Endurance,24121.8,27.32,67.66,2940.7,90.38,657.96,4.854,88.82,28.7,1.412,27.483,25.68,17.758,95.14,0.1145,0,NORMAL,0,Normal,NORMAL,0.1073,1441.2,No action
2026-09-04T14:02:13,SIM-MISSION-01,133,Endurance,23920.4,27.58,67.51,2878.0,91.65,665.35,4.787,87.43,29.24,1.666,27.553,26.56,17.883,96.11,0.0755,0,NORMAL,0,Normal,NORMAL,0.0742,1441.13,No action
2026-09-04T14:02:14,SIM-MISSION-01,134,Endurance,24052.9,28.77,67.59,2875.6,89.61,669.46,4.936,87.45,28.32,1.531,27.628,26.38,17.832,96.26,0.0694,0,NORMAL,0,Normal,NORMAL,0.069,1441.07,No action
2026-09-04T14:02:15,SIM-MISSION-01,135,Endurance,23966.0,28.46,66.8,2856.5,91.16,660.53,4.781,87.14,29.09,1.431,27.706,25.71,17.821,95.38,0.1046,0,NORMAL,0,Normal,NORMAL,0.0989,1441.0,No action
2026-09-04T14:02:16,SIM-MISSION-01,136,Endurance,24035.9,28.55,71.79,2844.6,89.64,658.58,4.775,86.9,28.73,1.41,27.603,25.87,17.797,95.47,0.1013,0,NORMAL,0,Normal,NORMAL,0.0961,1440.93,No action
2026-09-04T14:02:17,SIM-MISSION-01,137,Endurance,23941.8,28.65,69.18,2855.4,90.47,663.21,4.857,85.91,28.92,1.517,27.549,26.35,17.769,95.73,0.0907,0,NORMAL,0,Normal,NORMAL,0.0871,1440.87,No action
2026-09-04T14:02:18,SIM-MISSION-01,138,Endurance,23897.4,27.56,66.58,2841.2,90.81,655.28,4.742,88.45,29.18,1.452,27.499,26.74,17.764,95.34,0.1065,0,NORMAL,0,Normal,NORMAL,0.1005,1440.8,No action
2026-09-04T14:02:19,SIM-MISSION-01,139,Endurance,23925.4,27.34,66.72,2871.5,91.73,658.89,4.876,87.84,28.89,1.543,27.569,26.13,17.81,95.46,0.1015,0,NORMAL,0,Normal,NORMAL,0.0963,1440.73,No action
2026-09-04T14:02:20,SIM-MISSION-01,140,Endurance,24101.2,28.99,70.25,2848.7,91.75,660.78,4.871,89.04,28.96,1.495,27.531,26.06,17.839,96.02,0.0792,0,NORMAL,0,Normal,NORMAL,0.0773,1440.67,No action
2026-09-04T14:02:21,SIM-MISSION-01,141,Endurance,23980.0,28.99,68.47,2898.0,91.09,659.56,4.704,87.4,28.59,1.463,27.522,25.52,17.792,95.24,0.1103,0,NORMAL,0,Normal,NORMAL,0.1038,1440.6,No action
2026-09-04T14:02:22,SIM-MISSION-01,142,Endurance,23990.9,28.51,67.61,2868.5,89.73,658.63,4.721,87.27,29.04,1.535,27.712,26.59,17.818,95.58,0.0968,0,NORMAL,0,Normal,NORMAL,0.0923,1440.53,No action
2026-09-04T14:02:23,SIM-MISSION-01,143,Endurance,23951.0,26.96,65.79,2830.4,91.42,658.78,4.86,88.91,29.59,1.533,27.487,25.48,17.782,96.14,0.0745,0,NORMAL,0,Normal,NORMAL,0.0733,1440.47,No action
2026-09-04T14:02:24,SIM-MISSION-01,144,Endurance,23995.4,28.24,65.51,2856.8,92.51,658.88,4.816,86.86,29.05,1.49,27.508,25.43,17.878,95.97,0.0811,0,NORMAL,0,Normal,NORMAL,0.079,1440.4,No action
2026-09-04T14:02:25,SIM-MISSION-01,145,Endurance,23912.2,28.97,66.15,2846.9,91.05,656.25,4.843,88.1,28.48,1.675,27.569,26.27,17.725,95.73,0.0908,0,NORMAL,0,Normal,NORMAL,0.0872,1440.33,No action
2026-09-04T14:02:26,SIM-MISSION-01,146,Endurance,24012.6,27.62,67.76,2806.5,91.1,655.79,4.829,88.12,28.79,1.725,27.593,26.32,17.732,95.48,0.1008,0,NORMAL,0,Normal,NORMAL,0.0957,1440.27,No action
2026-09-04T14:02:27,SIM-MISSION-01,147,Endurance,23965.6,27.65,69.05,2820.3,88.5,657.6,4.743,87.8,29.29,1.725,27.64,26.3,17.83,95.29,0.1085,0,NORMAL,0,Normal,NORMAL,0.1022,1440.2,No action
2026-09-04T14:02:28,SIM-MISSION-01,148,Endurance,24280.1,28.21,64.79,2841.5,92.42,663.05,4.896,87.08,29.09,1.581,27.641,25.58,17.707,95.65,0.0938,0,NORMAL,0,Normal,NORMAL,0.0898,1440.13,No action
2026-09-04T14:02:29,SIM-MISSION-01,149,Endurance,24007.6,28.2,66.39,2808.7,91.26,658.76,4.81,87.68,28.54,1.507,27.657,26.09,17.861,95.11,0.1157,0,NORMAL,0,Normal,NORMAL,0.1084,1440.07,No action
2026-09-04T14:02:30,SIM-MISSION-01,150,Endurance,23913.9,25.85,67.99,2856.0,90.9,661.06,4.839,88.46,29.29,1.655,27.644,25.87,17.924,95.35,0.1061,0,NORMAL,0,Normal,NORMAL,0.1002,1440.0,No action
2026-09-04T14:02:31,SIM-MISSION-01,151,Endurance,23855.7,27.97,66.75,2813.8,91.08,662.26,4.804,88.58,29.36,1.632,27.603,26.04,17.791,94.95,0.122,0,NORMAL,0,Normal,NORMAL,0.1137,1439.93,No action
2026-09-04T14:02:32,SIM-MISSION-01,152,Endurance,24137.2,28.84,68.77,2831.9,89.32,663.13,4.781,88.19,28.9,1.431,27.619,26.04,17.852,96.12,0.0754,0,NORMAL,0,Normal,NORMAL,0.0741,1439.87,No action
2026-09-04T14:02:33,SIM-MISSION-01,153,Endurance,24181.5,28.37,67.21,2840.6,91.42,657.35,4.835,87.78,30.02,1.534,27.515,25.91,17.874,96.4,0.064,0,NORMAL,0,Normal,NORMAL,0.0644,1439.8,No action
2026-09-04T14:02:34,SIM-MISSION-01,154,Endurance,23948.2,28.93,64.99,2813.3,91.61,656.48,4.732,88.7,28.83,1.596,27.604,26.26,17.808,95.23,0.1109,0,NORMAL,0,Normal,NORMAL,0.1042,1439.73,No action
2026-09-04T14:02:35,SIM-MISSION-01,155,Endurance,23831.4,27.1,69.64,2823.3,92.17,658.91,4.679,87.81,29.19,1.526,27.566,26.45,17.794,95.43,0.1029,0,NORMAL,0,Normal,NORMAL,0.0974,1439.67,No action
2026-09-04T14:02:36,SIM-MISSION-01,156,Endurance,24194.0,28.69,66.83,2812.6,91.28,656.92,4.718,87.32,28.83,1.482,27.557,26.57,17.816,95.49,0.1004,0,NORMAL,0,Normal,NORMAL,0.0954,1439.6,No action
2026-09-04T14:02:37,SIM-MISSION-01,157,Endurance,24042.5,29.03,67.97,2814.7,89.95,653.35,4.782,87.95,28.44,1.446,27.6,25.35,17.716,95.28,0.1089,0,NORMAL,0,Normal,NORMAL,0.1026,1439.53,No action
2026-09-04T14:02:38,SIM-MISSION-01,158,Endurance,24128.3,28.06,64.33,2846.1,91.75,659.08,4.93,89.21,29.34,1.488,27.635,25.38,17.785,95.64,0.0943,0,NORMAL,0,Normal,NORMAL,0.0902,1439.47,No action
2026-09-04T14:02:39,SIM-MISSION-01,159,Endurance,24084.7,28.35,68.92,2845.0,91.04,660.59,4.785,88.41,29.01,1.65,27.733,26.13,17.746,94.97,0.1212,0,NORMAL,0,Normal,NORMAL,0.113,1439.4,No action
2026-09-04T14:02:40,SIM-MISSION-01,160,Endurance,24183.3,28.74,69.21,2829.7,92.1,649.78,4.895,88.58,29.19,1.51,27.623,26.2,17.729,95.45,0.102,0,NORMAL,0,Normal,NORMAL,0.0967,1439.33,No action
2026-09-04T14:02:41,SIM-MISSION-01,161,Endurance,23859.6,28.8,68.62,2805.4,91.09,662.81,4.812,88.43,28.77,1.455,27.559,25.59,17.764,96.09,0.0764,0,NORMAL,0,Normal,NORMAL,0.0749,1439.27,No action
2026-09-04T14:02:42,SIM-MISSION-01,162,Endurance,23999.3,30.18,69.13,2796.4,91.04,655.29,4.741,87.83,29.59,1.59,27.471,26.15,17.849,95.94,0.0825,0,NORMAL,0,Normal,NORMAL,0.0802,1439.2,No action
2026-09-04T14:02:43,SIM-MISSION-01,163,Endurance,24194.3,29.56,64.97,2786.3,91.32,657.24,4.727,87.74,29.38,1.648,27.534,25.88,17.759,95.25,0.11,0,NORMAL,0,Normal,NORMAL,0.1035,1439.13,No action
2026-09-04T14:02:44,SIM-MISSION-01,164,Endurance,23781.4,27.06,69.41,2793.7,92.11,664.62,4.784,88.04,28.89,1.574,27.75,25.74,17.744,95.45,0.1019,0,NORMAL,0,Normal,NORMAL,0.0966,1439.07,No action
2026-09-04T14:02:45,SIM-MISSION-01,165,Endurance,24120.5,27.18,67.0,2784.7,90.57,661.58,4.864,87.94,29.08,1.496,27.688,26.43,17.791,94.69,0.1322,0,NORMAL,0,Normal,NORMAL,0.1224,1439.0,No action
2026-09-04T14:02:46,SIM-MISSION-01,166,Endurance,23866.3,28.9,67.82,2765.7,90.83,665.11,4.772,87.88,28.86,1.608,27.718,25.65,17.79,95.7,0.0919,0,NORMAL,0,Normal,NORMAL,0.0881,1438.93,No action
2026-09-04T14:02:47,SIM-MISSION-01,167,Endurance,23872.9,25.88,70.39,2800.9,91.64,666.4,4.783,88.44,28.89,1.55,27.633,25.98,17.729,95.41,0.1036,0,NORMAL,0,Normal,NORMAL,0.098,1438.87,No action
2026-09-04T14:02:48,SIM-MISSION-01,168,Endurance,24027.3,29.58,67.89,2795.5,91.59,664.39,4.872,87.79,29.26,1.434,27.619,26.3,17.774,95.43,0.1029,0,NORMAL,0,Normal,NORMAL,0.0975,1438.8,No action
2026-09-04T14:02:49,SIM-MISSION-01,169,Endurance,24055.7,28.69,68.71,2772.5,92.14,655.36,4.765,87.52,29.0,1.517,27.646,26.03,17.915,95.56,0.0975,0,NORMAL,0,Normal,NORMAL,0.0929,1438.73,No action
2026-09-04T14:02:50,SIM-MISSION-01,170,Endurance,24173.6,27.72,70.27,2788.6,90.18,657.13,4.816,88.65,29.2,1.55,27.652,25.88,17.817,95.05,0.1181,0,NORMAL,0,Normal,NORMAL,0.1104,1438.67,No action
2026-09-04T14:02:51,SIM-MISSION-01,171,Endurance,23817.1,29.67,68.27,2794.7,90.26,664.03,4.78,87.14,28.86,1.577,27.43,25.6,17.854,95.48,0.1006,0,NORMAL,0,Normal,NORMAL,0.0955,1438.6,No action
2026-09-04T14:02:52,SIM-MISSION-01,172,Endurance,23810.5,29.02,67.65,2809.3,91.63,655.89,4.84,88.86,28.92,1.537,27.569,26.21,17.792,96.01,0.0794,0,NORMAL,0,Normal,NORMAL,0.0775,1438.53,No action
2026-09-04T14:02:53,SIM-MISSION-01,173,Endurance,24110.8,26.08,67.6,2818.5,91.76,666.0,4.773,88.02,29.16,1.543,27.74,25.63,17.775,95.74,0.0906,0,NORMAL,0,Normal,NORMAL,0.087,1438.47,No action
2026-09-04T14:02:54,SIM-MISSION-01,174,Endurance,23948.1,29.02,67.05,2808.0,91.79,661.59,4.889,89.7,29.09,1.615,27.638,26.18,17.779,95.24,0.1105,0,NORMAL,0,Normal,NORMAL,0.1039,1438.4,No action
2026-09-04T14:02:55,SIM-MISSION-01,175,Endurance,24205.0,29.88,65.99,2799.8,90.72,661.83,4.81,87.97,29.43,1.561,27.626,25.45,17.835,95.61,0.0957,0,NORMAL,0,Normal,NORMAL,0.0913,1438.33,No action
2026-09-04T14:02:56,SIM-MISSION-01,176,Endurance,23776.7,28.31,67.11,2774.6,90.08,662.0,4.782,88.31,28.57,1.648,27.732,25.6,17.767,95.19,0.1125,0,NORMAL,0,Normal,NORMAL,0.1057,1438.27,No action
2026-09-04T14:02:57,SIM-MISSION-01,177,Endurance,23976.8,28.45,67.44,2776.4,90.45,663.23,4.689,87.12,28.76,1.615,27.581,25.78,17.829,95.7,0.092,0,NORMAL,0,Normal,NORMAL,0.0882,1438.2,No action
2026-09-04T14:02:58,SIM-MISSION-01,178,Endurance,23946.2,28.8,68.62,2833.4,90.22,661.56,4.798,87.9,29.57,1.621,27.663,25.9,17.764,95.56,0.0976,0,NORMAL,0,Normal,NORMAL,0.0929,1438.13,No action
2026-09-04T14:02:59,SIM-MISSION-01,179,Endurance,24058.4,27.51,68.9,2754.2,90.52,663.66,4.803,88.56,28.75,1.617,27.554,26.45,17.846,94.87,0.1251,0,NORMAL,0,Normal,NORMAL,0.1163,1438.07,No action
2026-09-04T14:03:00,SIM-MISSION-01,180,Endurance,24045.9,28.59,65.55,2766.1,94.19,671.74,4.03,95.91,29.38,2.511,27.499,26.27,17.709,85.57,0.4974,0,PRE_FAILURE,0,Lubrication Failure,CRITICAL_WARNING,0.5328,1438.0,Immediate inspection recommended
2026-09-04T14:03:01,SIM-MISSION-01,181,Endurance,24026.6,28.89,68.28,2713.3,94.84,668.84,4.013,96.49,29.51,2.736,27.599,26.19,17.818,83.78,0.5688,1,PRE_FAILURE,0,Lubrication Failure,CRITICAL_WARNING,0.5935,1417.93,Immediate inspection recommended
2026-09-04T14:03:02,SIM-MISSION-01,182,Endurance,24012.6,25.32,66.57,2724.8,94.38,671.93,3.917,97.42,30.04,2.812,27.628,26.1,17.72,82.61,0.6158,1,PRE_FAILURE,0,Lubrication Failure,CRITICAL_WARNING,0.6334,1397.87,Immediate inspection recommended
2026-09-04T14:03:03,SIM-MISSION-01,183,Endurance,24035.0,28.45,67.24,2716.1,94.92,663.99,3.916,98.06,30.16,2.922,27.651,26.3,17.832,82.49,0.6203,1,PRE_FAILURE,0,Lubrication Failure,CRITICAL_WARNING,0.6373,1377.8,Immediate inspection recommended
2026-09-04T14:03:04,SIM-MISSION-01,184,Endurance,24137.0,28.67,66.95,2691.9,95.29,669.52,3.712,98.13,29.44,3.112,27.672,25.64,17.803,80.95,0.6818,1,PRE_FAILURE,0,Lubrication Failure,CRITICAL_WARNING,0.6896,1357.73,Immediate inspection recommended
2026-09-04T14:03:05,SIM-MISSION-01,185,Endurance,23951.8,28.43,67.99,2746.2,95.42,665.61,3.622,96.99,30.62,3.171,27.645,26.08,17.763,80.25,0.7101,1,PRE_FAILURE,0,Lubrication Failure,CRITICAL_WARNING,0.7136,1337.67,Immediate inspection recommended
2026-09-04T14:03:06,SIM-MISSION-01,186,Endurance,23948.7,28.07,67.16,2676.4,96.91,666.3,3.581,98.93,29.61,3.285,27.619,25.95,17.8,79.01,0.7595,1,PRE_FAILURE,0,Lubrication Failure,CRITICAL_WARNING,0.7556,1317.6,Immediate inspection recommended
2026-09-04T14:03:07,SIM-MISSION-01,187,Endurance,24010.5,27.02,69.04,2715.9,94.8,668.72,3.407,99.51,29.63,3.336,27.614,25.97,17.722,77.72,0.8112,1,PRE_FAILURE,0,Lubrication Failure,CRITICAL_WARNING,0.7995,1297.53,Immediate inspection recommended
2026-09-04T14:03:08,SIM-MISSION-01,188,Endurance,23924.9,28.92,67.69,2670.6,97.66,678.38,3.393,100.13,30.59,3.479,27.734,25.83,17.824,76.93,0.8427,1,PRE_FAILURE,0,Lubrication Failure,CRITICAL_WARNING,0.8263,1277.47,Immediate inspection recommended
2026-09-04T14:03:09,SIM-MISSION-01,189,Endurance,23826.3,27.43,67.98,2674.4,95.69,674.41,3.298,100.01,30.2,3.58,27.615,26.61,17.768,76.84,0.8465,1,PRE_FAILURE,0,Lubrication Failure,CRITICAL_WARNING,0.8296,1257.4,Immediate inspection recommended
2026-09-04T14:03:10,SIM-MISSION-01,190,Endurance,23921.9,30.56,67.25,2674.0,96.52,675.31,3.246,102.9,30.22,3.719,27.543,26.11,17.824,76.47,0.8611,1,PRE_FAILURE,0,Lubrication Failure,CRITICAL_WARNING,0.8419,1237.33,Immediate inspection recommended
2026-09-04T14:03:11,SIM-MISSION-01,191,Endurance,23928.7,27.01,70.25,2669.3,96.46,673.85,3.188,103.15,30.27,3.686,27.576,25.64,17.817,74.48,0.941,1,PRE_FAILURE,0,Lubrication Failure,CRITICAL_WARNING,0.9098,1217.27,Immediate inspection recommended
2026-09-04T14:03:12,SIM-MISSION-01,192,Endurance,23886.5,28.25,64.83,2638.1,97.61,676.33,3.087,103.87,29.98,3.742,27.688,25.75,17.894,74.4,0.944,1,PRE_FAILURE,0,Lubrication Failure,CRITICAL_WARNING,0.9124,1197.2,Immediate inspection recommended
2026-09-04T14:03:13,SIM-MISSION-01,193,Endurance,24079.5,28.05,65.92,2673.7,97.09,677.05,2.881,104.0,30.04,3.958,27.547,26.09,17.971,73.0,1.0,1,PRE_FAILURE,0,Lubrication Failure,CRITICAL_WARNING,0.96,1177.13,Immediate inspection recommended
2026-09-04T14:03:14,SIM-MISSION-01,194,Endurance,24085.7,26.66,69.03,2683.4,97.0,678.38,2.83,105.64,30.59,4.13,27.551,25.44,17.744,73.0,1.0,1,PRE_FAILURE,0,Lubrication Failure,CRITICAL_WARNING,0.96,1157.07,Immediate inspection recommended
2026-09-04T14:03:15,SIM-MISSION-01,195,Endurance,23954.4,27.4,66.81,2662.7,98.91,667.11,2.815,107.14,30.33,4.298,27.602,26.25,17.78,33.0,1.0,1,FAILURE,1,Lubrication Failure,ENGINE_FAILURE,0.96,20.0,Emergency shutdown / maintenance inspection
2026-09-04T14:03:16,SIM-MISSION-01,196,Endurance,24019.5,28.13,67.32,2627.3,99.28,674.29,2.643,105.85,30.83,4.149,27.639,26.21,17.863,33.0,1.0,1,FAILURE,1,Lubrication Failure,ENGINE_FAILURE,0.96,18.5,Emergency shutdown / maintenance inspection
2026-09-04T14:03:17,SIM-MISSION-01,197,Endurance,23923.2,27.76,66.84,2666.1,98.73,675.58,2.555,107.09,30.75,4.53,27.608,26.4,17.862,33.0,1.0,1,FAILURE,1,Lubrication Failure,ENGINE_FAILURE,0.96,17.0,Emergency shutdown / maintenance inspection
2026-09-04T14:03:18,SIM-MISSION-01,198,Endurance,24101.4,28.88,69.73,2618.8,99.54,680.64,2.627,108.15,30.64,4.576,27.527,26.04,17.762,33.0,1.0,1,FAILURE,1,Lubrication Failure,ENGINE_FAILURE,0.96,15.5,Emergency shutdown / maintenance inspection
2026-09-04T14:03:19,SIM-MISSION-01,199,Endurance,23920.0,28.79,66.11,2629.3,99.54,679.43,2.551,109.84,30.86,4.783,27.549,26.12,17.822,33.0,1.0,1,FAILURE,1,Lubrication Failure,ENGINE_FAILURE,0.96,14.0,Emergency shutdown / maintenance inspection
2026-09-04T14:03:20,SIM-MISSION-01,200,Endurance,23774.6,28.71,69.47,2607.4,98.14,674.06,2.394,109.62,31.05,4.699,27.663,25.84,17.789,33.0,1.0,1,FAILURE,1,Lubrication Failure,ENGINE_FAILURE,0.96,12.5,Emergency shutdown / maintenance inspection
2026-09-04T14:03:21,SIM-MISSION-01,201,Endurance,23923.7,29.39,69.65,2620.3,99.54,685.06,2.274,110.58,31.04,5.076,27.456,26.06,17.817,33.0,1.0,1,FAILURE,1,Lubrication Failure,ENGINE_FAILURE,0.96,11.0,Emergency shutdown / maintenance inspection
2026-09-04T14:03:22,SIM-MISSION-01,202,Endurance,24150.5,27.39,68.86,2606.9,100.36,680.34,2.253,109.9,30.87,4.971,27.608,26.33,17.825,33.0,1.0,1,FAILURE,1,Lubrication Failure,ENGINE_FAILURE,0.96,9.5,Emergency shutdown / maintenance inspection
2026-09-04T14:03:23,SIM-MISSION-01,203,Endurance,24112.3,27.38,67.59,2608.7,99.23,677.0,2.2,111.52,30.47,5.08,27.581,25.66,17.816,33.0,1.0,1,FAILURE,1,Lubrication Failure,ENGINE_FAILURE,0.96,8.0,Emergency shutdown / maintenance inspection
2026-09-04T14:03:24,SIM-MISSION-01,204,Endurance,23885.9,28.86,67.98,2627.3,100.49,680.8,2.145,112.54,31.04,5.182,27.617,25.56,17.833,33.0,1.0,1,FAILURE,1,Lubrication Failure,ENGINE_FAILURE,0.96,6.5,Emergency shutdown / maintenance inspection
2026-09-04T14:03:25,SIM-MISSION-01,205,Endurance,23909.6,28.33,71.19,2725.8,92.71,655.7,4.812,86.21,28.97,1.507,27.637,26.05,17.782,95.22,0.1112,0,NORMAL,0,Normal,NORMAL,0.1046,1436.33,No action
2026-09-04T14:03:26,SIM-MISSION-01,206,Endurance,23787.3,28.35,70.4,2692.7,90.51,664.85,4.765,88.08,28.58,1.61,27.606,25.99,17.845,95.22,0.1114,0,NORMAL,0,Normal,NORMAL,0.1047,1436.27,No action
2026-09-04T14:03:27,SIM-MISSION-01,207,Endurance,23804.4,27.93,68.49,2755.0,90.05,653.36,4.773,87.76,28.96,1.487,27.608,26.07,17.783,95.74,0.0903,0,NORMAL,0,Normal,NORMAL,0.0868,1436.2,No action
2026-09-04T14:03:28,SIM-MISSION-01,208,Endurance,24099.3,26.32,67.8,2766.8,93.11,651.25,4.766,87.34,29.07,1.475,27.605,26.28,17.76,94.92,0.1234,0,NORMAL,0,Normal,NORMAL,0.1149,1436.13,No action
2026-09-04T14:03:29,SIM-MISSION-01,209,Endurance,24089.2,27.23,67.92,2790.6,90.41,661.0,4.772,87.64,28.74,1.595,27.534,25.61,17.769,96.27,0.0692,0,NORMAL,0,Normal,NORMAL,0.0688,1436.07,No action
2026-09-04T14:03:30,SIM-MISSION-01,210,Endurance,24042.9,29.12,68.34,2763.6,92.07,661.07,4.829,87.65,28.75,1.395,27.581,25.82,17.679,94.95,0.1221,0,NORMAL,0,Normal,NORMAL,0.1138,1436.0,No action
2026-09-04T14:03:31,SIM-MISSION-01,211,Endurance,23920.9,26.77,68.86,2743.8,90.15,660.08,4.777,87.17,29.35,1.56,27.544,26.05,17.79,94.92,0.1233,0,NORMAL,0,Normal,NORMAL,0.1148,1435.93,No action
2026-09-04T14:03:32,SIM-MISSION-01,212,Endurance,24162.1,29.04,67.06,2776.8,92.88,657.41,4.743,87.13,28.98,1.556,27.576,26.24,17.757,95.98,0.0807,0,NORMAL,0,Normal,NORMAL,0.0786,1435.87,No action
2026-09-04T14:03:33,SIM-MISSION-01,213,Endurance,24008.8,29.25,67.62,2775.5,90.3,665.22,4.816,88.48,29.19,1.522,27.584,25.53,17.771,95.94,0.0823,0,NORMAL,0,Normal,NORMAL,0.08,1435.8,No action
2026-09-04T14:03:34,SIM-MISSION-01,214,Endurance,23918.4,28.71,67.36,2739.8,90.21,656.5,4.81,89.2,29.05,1.553,27.499,26.09,17.83,95.52,0.0993,0,NORMAL,0,Normal,NORMAL,0.0944,1435.73,No action
2026-09-04T14:03:35,SIM-MISSION-01,215,Endurance,24090.6,27.74,69.08,2776.5,91.29,661.95,4.802,87.54,28.72,1.516,27.608,25.99,17.85,94.95,0.1219,0,NORMAL,0,Normal,NORMAL,0.1137,1435.67,No action
2026-09-04T14:03:36,SIM-MISSION-01,216,Endurance,24074.3,27.88,68.11,2752.0,89.69,666.58,4.764,87.7,29.63,1.463,27.549,25.98,17.77,95.41,0.1035,0,NORMAL,0,Normal,NORMAL,0.0979,1435.6,No action
2026-09-04T14:03:37,SIM-MISSION-01,217,Endurance,23997.6,27.98,67.02,2764.2,90.72,662.38,4.87,86.79,28.92,1.563,27.449,25.08,17.815,95.21,0.1116,0,NORMAL,0,Normal,NORMAL,0.1048,1435.53,No action
2026-09-04T14:03:38,SIM-MISSION-01,218,Endurance,24043.4,26.44,69.24,2743.7,91.07,656.35,4.769,88.54,28.91,1.589,27.598,25.9,17.751,95.81,0.0875,0,NORMAL,0,Normal,NORMAL,0.0843,1435.47,No action
2026-09-04T14:03:39,SIM-MISSION-01,219,Endurance,23996.4,27.29,67.36,2756.4,91.3,657.42,4.703,87.88,29.03,1.508,27.545,26.27,17.794,95.19,0.1124,0,NORMAL,0,Normal,NORMAL,0.1056,1435.4,No action
2026-09-04T14:03:40,SIM-MISSION-01,220,Endurance,23971.7,29.9,68.11,2768.6,90.7,663.63,4.759,88.22,29.43,1.585,27.639,26.13,17.842,95.34,0.1065,0,NORMAL,0,Normal,NORMAL,0.1005,1435.33,No action
2026-09-04T14:03:41,SIM-MISSION-01,221,Endurance,24057.2,25.3,66.36,2734.4,91.65,656.08,4.831,88.91,28.62,1.688,27.523,25.75,17.816,95.14,0.1144,0,NORMAL,0,Normal,NORMAL,0.1072,1435.27,No action
2026-09-04T14:03:42,SIM-MISSION-01,222,Endurance,23717.9,26.32,70.08,2724.1,90.42,661.61,4.736,87.49,29.21,1.47,27.622,25.59,17.849,95.93,0.0828,0,NORMAL,0,Normal,NORMAL,0.0803,1435.2,No action
2026-09-04T14:03:43,SIM-MISSION-01,223,Endurance,23975.7,27.36,68.09,2771.6,90.53,664.06,4.719,87.33,28.95,1.632,27.581,25.69,17.813,95.32,0.107,0,NORMAL,0,Normal,NORMAL,0.101,1435.13,No action
2026-09-04T14:03:44,SIM-MISSION-01,224,Endurance,24001.4,29.45,68.29,2753.4,89.02,660.94,4.871,88.36,28.66,1.427,27.702,25.84,17.788,95.73,0.0908,0,NORMAL,0,Normal,NORMAL,0.0872,1435.07,No action
2026-09-04T14:03:45,SIM-MISSION-01,225,Endurance,24103.3,28.62,67.74,2743.7,92.49,661.4,4.817,88.63,29.31,1.631,27.642,25.82,17.879,95.82,0.0873,0,NORMAL,0,Normal,NORMAL,0.0842,1435.0,No action
2026-09-04T14:03:46,SIM-MISSION-01,226,Endurance,23973.0,28.26,69.04,2753.7,91.04,662.21,4.913,87.93,28.56,1.503,27.638,25.93,17.766,95.24,0.1106,0,NORMAL,0,Normal,NORMAL,0.104,1434.93,No action
2026-09-04T14:03:47,SIM-MISSION-01,227,Endurance,24154.9,26.3,67.07,2742.4,90.5,658.55,4.718,88.21,28.96,1.508,27.606,26.03,17.761,95.81,0.0876,0,NORMAL,0,Normal,NORMAL,0.0845,1434.87,No action
2026-09-04T14:03:48,SIM-MISSION-01,228,Endurance,23878.3,28.37,68.08,2753.7,91.62,655.51,4.74,87.28,28.35,1.637,27.574,25.64,17.763,95.67,0.0932,0,NORMAL,0,Normal,NORMAL,0.0893,1434.8,No action
2026-09-04T14:03:49,SIM-MISSION-01,229,Endurance,23939.3,27.5,66.1,2736.7,90.57,660.1,4.748,87.95,28.73,1.748,27.555,26.16,17.75,95.61,0.0957,0,NORMAL,0,Normal,NORMAL,0.0914,1434.73,No action
2026-09-04T14:03:50,SIM-MISSION-01,230,Endurance,23947.3,29.17,70.62,2753.9,91.56,666.88,4.909,87.92,29.57,1.67,27.536,25.8,17.786,95.63,0.0949,0,NORMAL,0,Normal,NORMAL,0.0907,1434.67,No action
2026-09-04T14:03:51,SIM-MISSION-01,231,Endurance,23759.8,27.07,68.04,2751.0,90.71,661.52,4.798,86.18,28.49,1.588,27.469,26.3,17.785,95.48,0.1008,0,NORMAL,0,Normal,NORMAL,0.0957,1434.6,No action
2026-09-04T14:03:52,SIM-MISSION-01,232,Endurance,24020.0,26.23,69.75,2734.3,91.01,665.13,4.773,87.89,28.24,1.502,27.563,25.88,17.818,95.59,0.0964,0,NORMAL,0,Normal,NORMAL,0.092,1434.53,No action
2026-09-04T14:03:53,SIM-MISSION-01,233,Endurance,23988.5,26.95,67.22,2768.2,90.85,652.2,4.807,87.39,29.27,1.569,27.589,26.44,17.781,95.57,0.0973,0,NORMAL,0,Normal,NORMAL,0.0927,1434.47,No action
2026-09-04T14:03:54,SIM-MISSION-01,234,Endurance,23881.7,27.9,70.21,2768.8,91.17,657.11,4.695,88.7,29.39,1.607,27.664,26.48,17.809,95.6,0.0958,0,NORMAL,0,Normal,NORMAL,0.0915,1434.4,No action
2026-09-04T14:03:55,SIM-MISSION-01,235,Endurance,23753.2,29.09,66.29,2754.3,91.31,666.79,4.819,88.66,29.71,1.686,27.601,25.78,17.902,96.21,0.0717,0,NORMAL,0,Normal,NORMAL,0.071,1434.33,No action
2026-09-04T14:03:56,SIM-MISSION-01,236,Endurance,24105.2,27.55,67.49,2733.1,90.74,659.2,4.874,87.0,28.99,1.569,27.707,25.91,17.81,95.12,0.1154,0,NORMAL,0,Normal,NORMAL,0.1081,1434.27,No action
2026-09-04T14:03:57,SIM-MISSION-01,237,Endurance,24112.0,29.49,69.05,2774.7,89.77,660.04,4.744,87.67,29.33,1.717,27.612,25.94,17.781,95.58,0.0966,0,NORMAL,0,Normal,NORMAL,0.0921,1434.2,No action
2026-09-04T14:03:58,SIM-MISSION-01,238,Endurance,23947.4,29.34,66.84,2777.8,90.66,662.88,4.756,86.74,29.38,1.7,27.703,25.88,17.629,95.28,0.1087,0,NORMAL,0,Normal,NORMAL,0.1024,1434.13,No action
2026-09-04T14:03:59,SIM-MISSION-01,239,Endurance,24109.0,28.27,66.48,2750.2,91.36,660.7,4.812,86.98,28.95,1.567,27.564,25.59,17.773,95.39,0.1043,0,NORMAL,0,Normal,NORMAL,0.0987,1434.07,No action
2026-09-04T14:04:00,SIM-MISSION-01,240,Endurance,24009.0,30.16,67.61,2774.8,90.81,660.52,4.679,88.01,29.29,1.502,27.65,25.53,17.799,95.35,0.1059,0,NORMAL,0,Normal,NORMAL,0.1,1434.0,No action
2026-09-04T14:04:01,SIM-MISSION-01,241,Endurance,24119.2,27.63,66.66,2704.8,89.78,657.0,4.801,87.49,28.74,1.418,27.485,25.72,17.872,94.49,0.1404,0,NORMAL,0,Normal,NORMAL,0.1293,1433.93,No action
2026-09-04T14:04:02,SIM-MISSION-01,242,Endurance,23987.3,28.39,68.74,2786.2,91.76,654.88,4.698,88.98,28.64,1.614,27.649,25.47,17.829,95.04,0.1182,0,NORMAL,0,Normal,NORMAL,0.1105,1433.87,No action
2026-09-04T14:04:03,SIM-MISSION-01,243,Endurance,24010.5,26.34,67.55,2778.9,90.75,666.3,4.854,89.03,29.1,1.638,27.518,25.79,17.847,95.68,0.0929,0,NORMAL,0,Normal,NORMAL,0.089,1433.8,No action
2026-09-04T14:04:04,SIM-MISSION-01,244,Endurance,24042.0,28.67,65.01,2776.1,91.34,658.42,4.728,89.18,29.12,1.462,27.547,25.49,17.709,95.84,0.0863,0,NORMAL,0,Normal,NORMAL,0.0834,1433.73,No action
2026-09-04T14:04:05,SIM-MISSION-01,245,Endurance,24112.3,27.97,70.94,2771.8,91.76,661.99,4.726,87.36,29.07,1.599,27.681,25.56,17.699,95.63,0.0948,0,NORMAL,0,Normal,NORMAL,0.0905,1433.67,No action
2026-09-04T14:04:06,SIM-MISSION-01,246,Endurance,23949.5,28.13,69.68,2748.1,92.08,661.64,4.886,88.39,28.63,1.543,27.676,25.78,17.807,95.98,0.0806,0,NORMAL,0,Normal,NORMAL,0.0785,1433.6,No action
2026-09-04T14:04:07,SIM-MISSION-01,247,Endurance,23976.0,27.66,65.98,2797.0,90.89,656.95,4.831,87.54,29.13,1.576,27.581,26.25,17.857,95.32,0.1073,0,NORMAL,0,Normal,NORMAL,0.1012,1433.53,No action
2026-09-04T14:04:08,SIM-MISSION-01,248,Endurance,24238.1,28.99,70.06,2781.3,91.92,659.29,4.779,87.1,28.93,1.548,27.522,25.9,17.823,95.61,0.0955,0,NORMAL,0,Normal,NORMAL,0.0912,1433.47,No action
2026-09-04T14:04:09,SIM-MISSION-01,249,Endurance,23765.1,27.93,69.54,2799.1,91.47,660.4,4.762,87.96,29.02,1.564,27.724,26.61,17.828,95.75,0.0901,0,NORMAL,0,Normal,NORMAL,0.0866,1433.4,No action
2026-09-04T14:04:10,SIM-MISSION-01,250,Endurance,24022.4,28.98,66.49,2789.1,92.15,669.83,4.818,88.94,29.4,1.571,27.67,26.13,17.88,96.35,0.066,0,NORMAL,0,Normal,NORMAL,0.0661,1433.33,No action
2026-09-04T14:04:11,SIM-MISSION-01,251,Endurance,23729.8,29.24,69.28,2807.3,90.59,662.41,4.764,88.52,28.76,1.469,27.68,25.64,17.729,95.44,0.1024,0,NORMAL,0,Normal,NORMAL,0.0971,1433.27,No action
2026-09-04T14:04:12,SIM-MISSION-01,252,Endurance,24043.4,29.1,67.18,2763.5,90.69,659.8,4.925,88.03,29.34,1.544,27.646,25.6,17.803,95.86,0.0858,0,NORMAL,0,Normal,NORMAL,0.0829,1433.2,No action
2026-09-04T14:04:13,SIM-MISSION-01,253,Endurance,23777.3,29.31,67.77,2799.4,90.8,663.19,4.737,88.27,29.2,1.548,27.585,26.06,17.775,95.2,0.112,0,NORMAL,0,Normal,NORMAL,0.1052,1433.13,No action
2026-09-04T14:04:14,SIM-MISSION-01,254,Endurance,24045.4,26.55,66.64,2800.8,91.22,656.23,4.779,87.63,29.26,1.605,27.697,26.04,17.702,95.62,0.0953,0,NORMAL,0,Normal,NORMAL,0.091,1433.07,No action
2026-09-04T14:04:15,SIM-MISSION-01,255,Endurance,23735.2,28.37,67.43,2789.1,91.09,657.78,4.791,89.61,29.01,1.71,27.622,25.8,17.829,95.51,0.0994,0,NORMAL,0,Normal,NORMAL,0.0945,1433.0,No action
2026-09-04T14:04:16,SIM-MISSION-01,256,Endurance,24049.3,28.63,69.35,2782.9,91.92,660.52,4.778,87.28,29.01,1.521,27.539,26.56,17.793,94.95,0.122,0,NORMAL,0,Normal,NORMAL,0.1137,1432.93,No action
2026-09-04T14:04:17,SIM-MISSION-01,257,Endurance,23883.4,27.95,66.6,2806.1,91.77,662.31,4.83,88.1,28.83,1.516,27.55,26.06,17.865,95.73,0.091,0,NORMAL,0,Normal,NORMAL,0.0873,1432.87,No action
2026-09-04T14:04:18,SIM-MISSION-01,258,Endurance,23981.3,27.62,70.69,2818.1,90.74,661.21,4.662,87.9,29.17,1.501,27.471,26.14,17.795,95.72,0.0914,0,NORMAL,0,Normal,NORMAL,0.0877,1432.8,No action
2026-09-04T14:04:19,SIM-MISSION-01,259,Endurance,23960.9,27.58,68.51,2801.6,89.56,665.37,4.838,87.84,28.87,1.591,27.628,25.88,17.792,95.66,0.0937,0,NORMAL,0,Normal,NORMAL,0.0896,1432.73,No action
2026-09-04T14:04:20,SIM-MISSION-01,260,Endurance,23958.5,27.58,69.79,2794.5,89.97,656.27,4.822,88.55,28.98,1.267,27.483,26.12,17.883,95.58,0.097,0,NORMAL,0,Normal,NORMAL,0.0924,1432.67,No action
2026-09-04T14:04:21,SIM-MISSION-01,261,Endurance,24041.8,26.97,68.01,2837.9,91.19,656.38,4.857,88.58,28.3,1.501,27.68,26.27,17.739,95.17,0.1131,0,NORMAL,0,Normal,NORMAL,0.1061,1432.6,No action
2026-09-04T14:04:22,SIM-MISSION-01,262,Endurance,24025.6,28.39,67.97,2802.1,91.53,661.99,4.744,89.63,29.08,1.433,27.575,25.19,17.767,94.6,0.1359,0,NORMAL,0,Normal,NORMAL,0.1255,1432.53,No action
2026-09-04T14:04:23,SIM-MISSION-01,263,Endurance,23983.4,27.26,67.48,2823.0,91.19,657.75,4.882,88.38,29.54,1.633,27.529,25.87,17.782,95.32,0.1071,0,NORMAL,0,Normal,NORMAL,0.1011,1432.47,No action
2026-09-04T14:04:24,SIM-MISSION-01,264,Endurance,24040.3,30.0,68.7,2839.1,92.1,660.3,4.74,87.6,28.76,1.483,27.527,26.08,17.817,95.83,0.0869,0,NORMAL,0,Normal,NORMAL,0.0839,1432.4,No action
2026-09-04T14:04:25,SIM-MISSION-01,265,Endurance,24104.2,26.7,65.89,2817.1,90.73,670.88,4.821,87.6,29.32,1.498,27.575,26.31,17.773,95.22,0.1111,0,NORMAL,0,Normal,NORMAL,0.1044,1432.33,No action
2026-09-04T14:04:26,SIM-MISSION-01,266,Endurance,24086.5,27.42,65.28,2807.8,91.89,661.19,4.852,87.96,28.8,1.511,27.58,26.07,17.671,95.47,0.1011,0,NORMAL,0,Normal,NORMAL,0.0959,1432.27,No action
2026-09-04T14:04:27,SIM-MISSION-01,267,Endurance,24068.9,28.45,67.92,2817.2,90.21,654.87,4.813,88.0,28.85,1.454,27.611,26.0,17.791,95.61,0.0956,0,NORMAL,0,Normal,NORMAL,0.0913,1432.2,No action
2026-09-04T14:04:28,SIM-MISSION-01,268,Endurance,24082.2,27.57,68.07,2853.8,92.15,660.05,4.731,88.47,28.81,1.673,27.488,25.89,17.877,95.22,0.1112,0,NORMAL,0,Normal,NORMAL,0.1046,1432.13,No action
2026-09-04T14:04:29,SIM-MISSION-01,269,Endurance,23837.9,27.75,67.17,2837.1,90.36,658.89,4.926,87.9,29.14,1.47,27.707,25.74,17.766,95.83,0.0867,0,NORMAL,0,Normal,NORMAL,0.0837,1432.07,No action
2026-09-04T14:04:30,SIM-MISSION-01,270,Endurance,24119.3,27.4,68.95,2813.2,90.94,656.28,4.749,87.8,29.01,1.479,27.599,25.94,17.852,95.31,0.1075,0,NORMAL,0,Normal,NORMAL,0.1014,1432.0,No action
2026-09-04T14:04:31,SIM-MISSION-01,271,Endurance,24104.3,29.0,67.21,2850.8,91.16,658.15,4.824,87.28,29.61,1.571,27.485,25.68,17.776,95.33,0.1068,0,NORMAL,0,Normal,NORMAL,0.1008,1431.93,No action
2026-09-04T14:04:32,SIM-MISSION-01,272,Endurance,23761.6,27.1,68.1,2837.1,90.29,664.39,4.872,86.69,28.81,1.523,27.54,26.31,17.823,95.94,0.0824,0,NORMAL,0,Normal,NORMAL,0.08,1431.87,No action
2026-09-04T14:04:33,SIM-MISSION-01,273,Endurance,24022.6,26.71,69.73,2812.5,90.3,651.79,4.711,87.71,29.11,1.508,27.581,25.98,17.796,95.79,0.0882,0,NORMAL,0,Normal,NORMAL,0.085,1431.8,No action
2026-09-04T14:04:34,SIM-MISSION-01,274,Endurance,23904.1,27.85,66.79,2853.4,91.56,663.81,4.806,87.91,28.56,1.574,27.705,25.19,17.885,95.33,0.1069,0,NORMAL,0,Normal,NORMAL,0.1008,1431.73,No action
2026-09-04T14:04:35,SIM-MISSION-01,275,Endurance,23928.2,26.66,68.05,2848.7,90.85,667.02,4.802,88.44,28.79,1.511,27.569,26.15,17.881,95.97,0.0812,0,NORMAL,0,Normal,NORMAL,0.079,1431.67,No action
2026-09-04T14:04:36,SIM-MISSION-01,276,Endurance,23871.1,28.99,68.27,2844.5,91.02,655.81,4.779,88.64,29.16,1.505,27.659,26.11,17.773,94.82,0.1274,0,NORMAL,0,Normal,NORMAL,0.1183,1431.6,No action
2026-09-04T14:04:37,SIM-MISSION-01,277,Endurance,24024.7,26.22,69.92,2834.5,91.49,661.56,4.816,87.89,29.0,1.603,27.636,25.57,17.822,95.17,0.1131,0,NORMAL,0,Normal,NORMAL,0.1061,1431.53,No action
2026-09-04T14:04:38,SIM-MISSION-01,278,Endurance,23925.6,27.56,67.44,2851.0,91.52,665.71,4.744,87.84,28.82,1.529,27.465,25.86,17.779,94.92,0.1233,0,NORMAL,0,Normal,NORMAL,0.1148,1431.47,No action
2026-09-04T14:04:39,SIM-MISSION-01,279,Endurance,23943.3,27.81,68.84,2863.4,90.55,664.65,4.826,87.56,28.75,1.56,27.584,26.02,17.771,95.75,0.09,0,NORMAL,0,Normal,NORMAL,0.0865,1431.4,No action
2026-09-04T14:04:40,SIM-MISSION-01,280,Endurance,24055.0,27.03,67.67,2819.0,90.74,659.13,4.714,86.76,29.42,1.528,27.587,25.81,17.876,96.16,0.0735,0,NORMAL,0,Normal,NORMAL,0.0725,1431.33,No action
2026-09-04T14:04:41,SIM-MISSION-01,281,Endurance,23884.4,29.39,68.65,2854.2,90.88,664.9,4.827,87.73,29.48,1.763,27.557,26.32,17.818,95.96,0.0817,0,NORMAL,0,Normal,NORMAL,0.0794,1431.27,No action
2026-09-04T14:04:42,SIM-MISSION-01,282,Endurance,24027.5,28.47,66.82,2851.2,90.58,667.06,4.872,88.51,28.66,1.549,27.716,25.4,17.722,95.14,0.1144,0,NORMAL,0,Normal,NORMAL,0.1072,1431.2,No action
2026-09-04T14:04:43,SIM-MISSION-01,283,Endurance,23936.8,27.05,67.33,2854.5,91.08,664.77,5.013,88.33,29.45,1.516,27.727,26.03,17.809,95.78,0.0889,0,NORMAL,0,Normal,NORMAL,0.0855,1431.13,No action
2026-09-04T14:04:44,SIM-MISSION-01,284,Endurance,24016.7,27.73,68.27,2827.5,92.47,661.81,4.859,88.36,28.51,1.554,27.531,25.77,17.795,95.46,0.1016,0,NORMAL,0,Normal,NORMAL,0.0963,1431.07,No action
2026-09-04T14:04:45,SIM-MISSION-01,285,Endurance,23817.9,29.08,68.62,2855.9,92.0,668.74,4.868,87.86,29.14,1.627,27.681,26.37,17.862,95.6,0.096,0,NORMAL,0,Normal,NORMAL,0.0916,1431.0,No action
2026-09-04T14:04:46,SIM-MISSION-01,286,Endurance,23982.2,28.51,68.2,2869.7,90.33,660.1,4.777,87.7,29.61,1.522,27.794,25.96,17.765,94.6,0.1361,0,NORMAL,0,Normal,NORMAL,0.1257,1430.93,No action
2026-09-04T14:04:47,SIM-MISSION-01,287,Endurance,23997.6,27.04,69.62,2814.4,91.47,654.54,4.793,88.95,28.91,1.607,27.582,25.9,17.814,95.46,0.1015,0,NORMAL,0,Normal,NORMAL,0.0962,1430.87,No action
2026-09-04T14:04:48,SIM-MISSION-01,288,Endurance,23987.8,28.75,64.62,2828.0,91.1,659.27,4.816,88.72,29.29,1.48,27.62,26.08,17.788,95.8,0.0879,0,NORMAL,0,Normal,NORMAL,0.0847,1430.8,No action
2026-09-04T14:04:49,SIM-MISSION-01,289,Endurance,24057.1,26.07,69.16,2857.4,89.88,665.39,4.797,87.67,29.18,1.604,27.592,25.82,17.771,95.56,0.0976,0,NORMAL,0,Normal,NORMAL,0.093,1430.73,No action
2026-09-04T14:04:50,SIM-MISSION-01,290,Endurance,23948.8,28.86,68.3,2855.7,90.68,658.02,4.682,87.67,29.54,1.572,27.556,25.78,17.731,95.8,0.0878,0,NORMAL,0,Normal,NORMAL,0.0846,1430.67,No action
2026-09-04T14:04:51,SIM-MISSION-01,291,Endurance,24170.0,27.64,66.2,2886.4,91.47,653.25,4.764,88.8,28.57,1.647,27.595,26.27,17.777,95.89,0.0842,0,NORMAL,0,Normal,NORMAL,0.0816,1430.6,No action
2026-09-04T14:04:52,SIM-MISSION-01,292,Endurance,24053.6,28.72,67.87,2845.2,91.62,653.67,4.788,88.21,29.09,1.581,27.59,25.25,17.81,95.59,0.0964,0,NORMAL,0,Normal,NORMAL,0.0919,1430.53,No action
2026-09-04T14:04:53,SIM-MISSION-01,293,Endurance,23890.1,26.85,67.14,2876.0,92.17,668.6,4.815,87.73,28.53,1.593,27.454,26.49,17.847,95.26,0.1096,0,NORMAL,0,Normal,NORMAL,0.1031,1430.47,No action
2026-09-04T14:04:54,SIM-MISSION-01,294,Endurance,23660.5,27.13,64.76,2889.1,90.15,660.8,4.79,89.06,29.09,1.673,27.666,25.76,17.739,95.5,0.0998,0,NORMAL,0,Normal,NORMAL,0.0948,1430.4,No action
2026-09-04T14:04:55,SIM-MISSION-01,295,Endurance,24138.3,28.67,66.37,2827.7,90.46,662.62,4.744,87.58,28.82,1.567,27.477,26.02,17.792,95.89,0.0844,0,NORMAL,0,Normal,NORMAL,0.0817,1430.33,No action
2026-09-04T14:04:56,SIM-MISSION-01,296,Endurance,24236.7,26.19,67.2,2886.4,90.28,658.38,4.718,86.72,28.81,1.497,27.495,25.61,17.815,96.12,0.0753,0,NORMAL,0,Normal,NORMAL,0.074,1430.27,No action
2026-09-04T14:04:57,SIM-MISSION-01,297,Endurance,24033.5,29.61,67.66,2884.0,90.14,662.42,4.8,88.66,28.95,1.484,27.71,25.96,17.786,95.8,0.088,0,NORMAL,0,Normal,NORMAL,0.0848,1430.2,No action
2026-09-04T14:04:58,SIM-MISSION-01,298,Endurance,23953.7,28.2,68.34,2911.7,91.18,662.29,4.84,87.5,29.5,1.564,27.449,26.16,17.751,95.27,0.109,0,NORMAL,0,Normal,NORMAL,0.1027,1430.13,No action
2026-09-04T14:04:59,SIM-MISSION-01,299,Endurance,24012.1,27.49,65.89,2910.8,89.84,652.16,4.788,87.78,29.7,1.623,27.636,25.95,17.699,95.65,0.0939,0,NORMAL,0,Normal,NORMAL,0.0898,1430.07,No action
2026-09-04T14:05:00,SIM-MISSION-01,300,Endurance,23879.8,27.32,67.13,2887.9,91.49,656.8,4.769,87.26,29.39,1.381,27.64,26.2,17.694,95.13,0.1148,0,NORMAL,0,Normal,NORMAL,0.1076,1430.0,No action
2026-09-04T14:05:01,SIM-MISSION-01,301,Endurance,23973.1,28.64,66.03,2886.6,91.97,662.07,4.753,86.96,28.44,1.568,27.418,25.79,17.824,95.66,0.0935,0,NORMAL,0,Normal,NORMAL,0.0895,1429.93,No action
2026-09-04T14:05:02,SIM-MISSION-01,302,Endurance,23911.4,27.61,67.91,2862.2,90.96,659.32,4.799,86.82,29.14,1.473,27.582,25.71,17.891,94.74,0.1304,0,NORMAL,0,Normal,NORMAL,0.1208,1429.87,No action
2026-09-04T14:05:03,SIM-MISSION-01,303,Endurance,23852.0,27.6,67.44,2920.8,90.62,661.33,4.863,87.66,28.73,1.522,27.672,26.1,17.859,95.72,0.0913,0,NORMAL,0,Normal,NORMAL,0.0876,1429.8,No action
2026-09-04T14:05:04,SIM-MISSION-01,304,Endurance,23770.2,26.34,67.4,2881.6,90.82,655.82,4.751,87.71,29.3,1.515,27.546,26.28,17.862,95.64,0.0946,0,NORMAL,0,Normal,NORMAL,0.0904,1429.73,No action
2026-09-04T14:05:05,SIM-MISSION-01,305,Endurance,24013.7,28.3,70.0,2894.4,92.02,666.95,4.843,87.59,29.14,1.425,27.585,25.62,17.795,94.72,0.1311,0,NORMAL,0,Normal,NORMAL,0.1214,1429.67,No action
2026-09-04T14:05:06,SIM-MISSION-01,306,Endurance,23943.3,29.4,66.57,2864.3,90.4,665.68,4.864,88.51,29.12,1.674,27.572,25.91,17.935,95.37,0.1053,0,NORMAL,0,Normal,NORMAL,0.0995,1429.6,No action
2026-09-04T14:05:07,SIM-MISSION-01,307,Endurance,24040.0,28.92,66.95,2894.1,90.65,658.37,4.843,87.23,28.45,1.533,27.564,26.13,17.778,95.43,0.1029,0,NORMAL,0,Normal,NORMAL,0.0974,1429.53,No action
2026-09-04T14:05:08,SIM-MISSION-01,308,Endurance,23873.0,30.76,66.19,2902.6,89.47,659.43,4.795,87.86,29.15,1.52,27.682,25.88,17.865,96.42,0.0632,0,NORMAL,0,Normal,NORMAL,0.0637,1429.47,No action
2026-09-04T14:05:09,SIM-MISSION-01,309,Endurance,24125.3,27.29,68.79,2898.1,90.84,660.72,4.769,88.12,29.01,1.709,27.689,26.06,17.831,95.94,0.0826,0,NORMAL,0,Normal,NORMAL,0.0802,1429.4,No action
2026-09-04T14:05:10,SIM-MISSION-01,310,Endurance,24055.0,27.48,67.72,2921.3,91.06,663.35,4.881,88.36,28.81,1.519,27.64,25.85,17.777,95.66,0.0936,0,NORMAL,0,Normal,NORMAL,0.0896,1429.33,No action
2026-09-04T14:05:11,SIM-MISSION-01,311,Endurance,24079.2,26.83,64.91,2909.3,90.36,652.79,4.844,88.64,28.8,1.609,27.62,25.63,17.856,95.54,0.0983,0,NORMAL,0,Normal,NORMAL,0.0935,1429.27,No action
2026-09-04T14:05:12,SIM-MISSION-01,312,Endurance,24044.9,28.96,68.23,2941.5,90.48,664.79,4.785,88.44,28.96,1.736,27.629,26.29,17.834,95.61,0.0956,0,NORMAL,0,Normal,NORMAL,0.0913,1429.2,No action
2026-09-04T14:05:13,SIM-MISSION-01,313,Endurance,24060.1,29.09,66.27,2929.9,91.42,659.37,4.841,87.29,28.99,1.385,27.544,25.95,17.729,95.15,0.114,0,NORMAL,0,Normal,NORMAL,0.1069,1429.13,No action
2026-09-04T14:05:14,SIM-MISSION-01,314,Endurance,23982.2,26.9,67.53,2937.5,91.52,663.23,4.818,88.91,28.47,1.537,27.684,26.26,17.804,95.18,0.1129,0,NORMAL,0,Normal,NORMAL,0.106,1429.07,No action
2026-09-04T14:05:15,SIM-MISSION-01,315,Endurance,23998.6,27.05,68.31,2939.4,90.71,660.82,4.704,86.22,29.16,1.684,27.419,25.85,17.829,95.47,0.1012,0,NORMAL,0,Normal,NORMAL,0.096,1429.0,No action
2026-09-04T14:05:16,SIM-MISSION-01,316,Endurance,23932.5,28.16,69.64,2939.7,91.79,661.54,4.663,89.19,28.99,1.594,27.756,26.4,17.796,95.27,0.1093,0,NORMAL,0,Normal,NORMAL,0.1029,1428.93,No action
2026-09-04T14:05:17,SIM-MISSION-01,317,Endurance,24033.9,26.19,68.72,2884.0,89.76,660.87,4.886,87.33,29.43,1.564,27.746,25.9,17.95,95.58,0.0969,0,NORMAL,0,Normal,NORMAL,0.0923,1428.87,No action
2026-09-04T14:05:18,SIM-MISSION-01,318,Endurance,24187.8,28.1,68.69,2928.1,90.77,662.13,4.782,86.11,28.09,1.499,27.5,26.27,17.747,95.56,0.0977,0,NORMAL,0,Normal,NORMAL,0.0931,1428.8,No action
2026-09-04T14:05:19,SIM-MISSION-01,319,Endurance,23926.4,27.07,69.86,2926.4,90.19,661.54,4.841,87.92,29.25,1.467,27.583,26.12,17.785,95.26,0.1098,0,NORMAL,0,Normal,NORMAL,0.1033,1428.73,No action
2026-09-04T14:05:20,SIM-MISSION-01,320,Endurance,24061.7,28.53,67.64,2923.6,90.42,658.43,4.733,88.55,29.06,1.575,27.666,25.31,17.802,95.24,0.1104,0,NORMAL,0,Normal,NORMAL,0.1038,1428.67,No action
2026-09-04T14:05:21,SIM-MISSION-01,321,Endurance,24217.8,28.61,68.52,2951.3,89.5,655.75,4.873,89.02,28.72,1.641,27.671,25.59,17.77,95.52,0.0991,0,NORMAL,0,Normal,NORMAL,0.0942,1428.6,No action
2026-09-04T14:05:22,SIM-MISSION-01,322,Endurance,24155.3,26.67,66.11,2944.8,90.48,655.11,4.764,88.99,29.65,1.486,27.589,25.25,17.865,95.16,0.1135,0,NORMAL,0,Normal,NORMAL,0.1065,1428.53,No action
2026-09-04T14:05:23,SIM-MISSION-01,323,Endurance,24000.5,28.48,68.3,2910.6,91.58,665.5,4.769,87.27,29.12,1.652,27.512,25.76,17.858,95.81,0.0876,0,NORMAL,0,Normal,NORMAL,0.0845,1428.47,No action
2026-09-04T14:05:24,SIM-MISSION-01,324,Endurance,24108.2,27.62,67.44,2950.0,91.24,659.95,4.699,88.38,29.18,1.566,27.601,26.04,17.848,95.95,0.0818,0,NORMAL,0,Normal,NORMAL,0.0795,1428.4,No action
2026-09-04T14:05:25,SIM-MISSION-01,325,Endurance,24023.2,27.53,67.36,2925.0,91.34,658.97,4.796,87.21,29.46,1.442,27.705,25.62,17.764,95.17,0.1131,0,NORMAL,0,Normal,NORMAL,0.1061,1428.33,No action
2026-09-04T14:05:26,SIM-MISSION-01,326,Endurance,24005.4,27.76,65.87,2906.8,91.79,660.1,4.825,87.86,28.82,1.603,27.623,26.34,17.809,95.21,0.1114,0,NORMAL,0,Normal,NORMAL,0.1047,1428.27,No action
2026-09-04T14:05:27,SIM-MISSION-01,327,Endurance,23850.3,28.79,67.62,2871.0,90.3,660.64,4.762,88.17,29.21,1.548,27.524,26.13,17.818,96.21,0.0714,0,NORMAL,0,Normal,NORMAL,0.0707,1428.2,No action
2026-09-04T14:05:28,SIM-MISSION-01,328,Endurance,24105.1,26.48,70.03,2929.1,89.55,659.22,4.802,88.44,29.15,1.579,27.537,25.49,17.768,96.08,0.077,0,NORMAL,0,Normal,NORMAL,0.0754,1428.13,No action
2026-09-04T14:05:29,SIM-MISSION-01,329,Endurance,24103.9,26.81,69.13,2909.1,91.06,656.63,4.784,87.17,29.04,1.616,27.48,26.15,17.817,96.37,0.0653,0,NORMAL,0,Normal,NORMAL,0.0655,1428.07,No action
2026-09-04T14:05:30,SIM-MISSION-01,330,Endurance,24012.2,27.91,69.66,2931.0,90.62,655.77,4.746,87.46,29.05,1.605,27.573,26.22,17.805,96.01,0.0795,0,NORMAL,0,Normal,NORMAL,0.0776,1428.0,No action
2026-09-04T14:05:31,SIM-MISSION-01,331,Endurance,23973.2,30.42,69.85,2939.7,91.25,663.05,4.806,88.33,28.88,1.535,27.546,26.31,17.837,95.69,0.0923,0,NORMAL,0,Normal,NORMAL,0.0885,1427.93,No action
2026-09-04T14:05:32,SIM-MISSION-01,332,Endurance,24079.8,28.98,67.35,2959.4,89.81,662.75,4.818,87.73,28.89,1.478,27.554,25.76,17.739,95.85,0.0861,0,NORMAL,0,Normal,NORMAL,0.0832,1427.87,No action
2026-09-04T14:05:33,SIM-MISSION-01,333,Endurance,23960.0,28.45,67.22,2935.8,90.69,662.35,4.79,89.37,28.06,1.36,27.508,26.13,17.837,95.51,0.0996,0,NORMAL,0,Normal,NORMAL,0.0946,1427.8,No action
2026-09-04T14:05:34,SIM-MISSION-01,334,Endurance,23917.3,27.67,66.45,2980.4,89.15,668.72,4.861,87.76,29.16,1.545,27.635,26.13,17.837,95.28,0.1087,0,NORMAL,0,Normal,NORMAL,0.1024,1427.73,No action
2026-09-04T14:05:35,SIM-MISSION-01,335,Endurance,23961.6,29.7,69.55,2957.0,90.62,661.1,4.818,88.05,28.56,1.587,27.613,26.66,17.747,95.67,0.0934,0,NORMAL,0,Normal,NORMAL,0.0894,1427.67,No action
2026-09-04T14:05:36,SIM-MISSION-01,336,Endurance,24106.8,29.56,70.81,2939.6,91.63,660.46,4.745,87.84,28.84,1.531,27.748,26.14,17.713,95.36,0.1055,0,NORMAL,0,Normal,NORMAL,0.0997,1427.6,No action
2026-09-04T14:05:37,SIM-MISSION-01,337,Endurance,24043.1,28.32,64.52,2926.8,91.26,659.41,4.779,87.79,29.04,1.643,27.662,26.09,17.86,95.49,0.1006,0,NORMAL,0,Normal,NORMAL,0.0955,1427.53,No action
2026-09-04T14:05:38,SIM-MISSION-01,338,Endurance,24013.4,25.33,69.44,2972.6,91.14,665.52,4.79,88.49,29.04,1.531,27.642,26.18,17.756,95.59,0.0963,0,NORMAL,0,Normal,NORMAL,0.0918,1427.47,No action
2026-09-04T14:05:39,SIM-MISSION-01,339,Endurance,24173.5,27.78,69.3,2944.6,89.48,663.51,4.754,87.7,28.94,1.445,27.603,25.64,17.79,95.01,0.1194,0,NORMAL,0,Normal,NORMAL,0.1115,1427.4,No action
2026-09-04T14:05:40,SIM-MISSION-01,340,Endurance,23799.0,25.65,69.62,2926.6,91.4,666.29,4.748,88.96,28.96,1.339,27.606,26.57,17.837,95.35,0.1062,0,NORMAL,0,Normal,NORMAL,0.1002,1427.33,No action
2026-09-04T14:05:41,SIM-MISSION-01,341,Endurance,24085.6,28.37,64.47,2925.1,90.7,656.0,4.752,88.55,29.52,1.415,27.515,25.97,17.79,94.39,0.1443,0,NORMAL,0,Normal,NORMAL,0.1326,1427.27,No action
2026-09-04T14:05:42,SIM-MISSION-01,342,Endurance,24305.9,28.11,69.11,2908.3,91.24,655.31,4.831,88.21,29.02,1.585,27.554,26.05,17.68,95.57,0.0973,0,NORMAL,0,Normal,NORMAL,0.0927,1427.2,No action
2026-09-04T14:05:43,SIM-MISSION-01,343,Endurance,23983.1,27.94,67.02,2900.3,92.23,657.07,4.732,87.97,29.45,1.707,27.569,26.07,17.812,95.69,0.0924,0,NORMAL,0,Normal,NORMAL,0.0886,1427.13,No action
2026-09-04T14:05:44,SIM-MISSION-01,344,Endurance,23875.8,27.38,66.99,2969.2,89.45,661.92,4.823,88.97,28.86,1.52,27.608,25.83,17.77,95.75,0.0899,0,NORMAL,0,Normal,NORMAL,0.0865,1427.07,No action
2026-09-04T14:05:45,SIM-MISSION-01,345,Endurance,24116.9,27.19,68.12,2932.4,90.4,654.59,4.857,88.21,28.98,1.462,27.65,25.92,17.794,95.55,0.0981,0,NORMAL,0,Normal,NORMAL,0.0934,1427.0,No action
2026-09-04T14:05:46,SIM-MISSION-01,346,Endurance,23896.6,26.95,69.72,2935.1,91.11,659.13,4.832,88.64,29.48,1.626,27.577,25.95,17.781,95.59,0.0964,0,NORMAL,0,Normal,NORMAL,0.092,1426.93,No action
2026-09-04T14:05:47,SIM-MISSION-01,347,Endurance,23764.6,28.38,66.82,2963.8,90.3,649.39,4.842,88.23,29.27,1.629,27.641,26.12,17.803,96.29,0.0683,0,NORMAL,0,Normal,NORMAL,0.068,1426.87,No action
2026-09-04T14:05:48,SIM-MISSION-01,348,Endurance,23979.1,28.46,70.45,2965.4,91.03,656.95,4.839,87.98,29.01,1.521,27.507,25.7,17.82,94.84,0.1265,0,NORMAL,0,Normal,NORMAL,0.1175,1426.8,No action
2026-09-04T14:05:49,SIM-MISSION-01,349,Endurance,24143.5,25.34,67.97,2947.9,91.13,661.7,4.855,87.21,29.62,1.541,27.523,26.7,17.756,95.77,0.0892,0,NORMAL,0,Normal,NORMAL,0.0858,1426.73,No action
2026-09-04T14:05:50,SIM-MISSION-01,350,Endurance,23966.8,27.96,70.23,2956.7,89.74,666.28,4.927,88.61,28.73,1.644,27.777,26.08,17.782,95.99,0.0803,0,NORMAL,0,Normal,NORMAL,0.0782,1426.67,No action
2026-09-04T14:05:51,SIM-MISSION-01,351,Endurance,24157.7,27.71,68.87,2952.6,91.9,659.46,4.734,87.03,28.95,1.588,27.678,26.19,17.732,95.74,0.0902,0,NORMAL,0,Normal,NORMAL,0.0867,1426.6,No action
2026-09-04T14:05:52,SIM-MISSION-01,352,Endurance,23817.3,26.52,68.94,2944.6,90.56,663.98,4.794,89.94,29.41,1.458,27.598,26.32,17.841,95.4,0.104,0,NORMAL,0,Normal,NORMAL,0.0984,1426.53,No action
2026-09-04T14:05:53,SIM-MISSION-01,353,Endurance,24036.7,26.28,67.62,2966.6,90.51,660.16,4.84,86.69,28.35,1.594,27.555,25.9,17.858,95.52,0.0994,0,NORMAL,0,Normal,NORMAL,0.0945,1426.47,No action
2026-09-04T14:05:54,SIM-MISSION-01,354,Endurance,24053.3,28.4,67.01,2985.0,91.34,657.87,4.869,87.36,28.76,1.452,27.582,25.78,17.814,95.4,0.104,0,NORMAL,0,Normal,NORMAL,0.0984,1426.4,No action
2026-09-04T14:05:55,SIM-MISSION-01,355,Endurance,24038.1,29.08,68.86,2957.6,91.07,656.72,4.681,88.25,28.51,1.577,27.596,25.99,17.8,95.86,0.0854,0,NORMAL,0,Normal,NORMAL,0.0826,1426.33,No action
2026-09-04T14:05:56,SIM-MISSION-01,356,Endurance,24181.3,28.44,68.66,2965.6,91.88,658.89,4.795,89.31,29.18,1.571,27.68,25.74,17.793,95.52,0.0991,0,NORMAL,0,Normal,NORMAL,0.0942,1426.27,No action
2026-09-04T14:05:57,SIM-MISSION-01,357,Endurance,24178.5,28.19,67.03,2967.4,90.34,659.96,4.799,88.36,29.17,1.55,27.647,26.63,17.802,95.05,0.1181,0,NORMAL,0,Normal,NORMAL,0.1104,1426.2,No action
2026-09-04T14:05:58,SIM-MISSION-01,358,Endurance,24133.8,26.49,66.27,2968.9,89.38,661.92,4.79,89.55,29.08,1.698,27.586,25.92,17.774,95.71,0.0917,0,NORMAL,0,Normal,NORMAL,0.088,1426.13,No action
2026-09-04T14:05:59,SIM-MISSION-01,359,Endurance,24084.0,26.85,67.59,2951.4,91.9,661.09,4.832,88.25,29.19,1.399,27.721,26.11,17.774,95.54,0.0983,0,NORMAL,0,Normal,NORMAL,0.0935,1426.07,No action
